2026-01-26 17:22:33.452 +01:00 [INF] User profile is available. Using 'C:\Users\michl\AppData\Local\ASP.NET\DataProtection-Keys' as key repository and Windows DPAPI to encrypt keys at rest.
2026-01-26 17:22:34.488 +01:00 [INF] Entity Framework Core 6.0.16 initialized 'LocalDbContext' using provider 'Microsoft.EntityFrameworkCore.SqlServer:6.0.16' with options: None
2026-01-26 17:22:36.156 +01:00 [INF] Executed DbCommand (170ms) [Parameters=[@__normalizedName_0='?' (Size = 256)], CommandType='"Text"', CommandTimeout='30']
SELECT TOP(1) [a].[Id], [a].[ConcurrencyStamp], [a].[Name], [a].[NormalizedName]
FROM [AspNetRoles] AS [a]
WHERE [a].[NormalizedName] = @__normalizedName_0
2026-01-26 17:22:36.291 +01:00 [INF] Executed DbCommand (3ms) [Parameters=[@__normalizedName_0='?' (Size = 256)], CommandType='"Text"', CommandTimeout='30']
SELECT TOP(1) [a].[Id], [a].[ConcurrencyStamp], [a].[Name], [a].[NormalizedName]
FROM [AspNetRoles] AS [a]
WHERE [a].[NormalizedName] = @__normalizedName_0
2026-01-26 17:22:36.316 +01:00 [INF] Executed DbCommand (10ms) [Parameters=[@__normalizedEmail_0='?' (Size = 256)], CommandType='"Text"', CommandTimeout='30']
SELECT TOP(2) [a].[Id], [a].[AccessFailedCount], [a].[ConcurrencyStamp], [a].[Email], [a].[EmailConfirmed], [a].[FullName], [a].[LockoutEnabled], [a].[LockoutEnd], [a].[NormalizedEmail], [a].[NormalizedUserName], [a].[PasswordHash], [a].[PhoneNumber], [a].[PhoneNumberConfirmed], [a].[SecurityStamp], [a].[TwoFactorEnabled], [a].[UserName]
FROM [AspNetUsers] AS [a]
WHERE [a].[NormalizedEmail] = @__normalizedEmail_0
2026-01-26 17:22:36.839 +01:00 [INF] Now listening on: https://localhost:7210
2026-01-26 17:22:36.842 +01:00 [INF] Now listening on: http://localhost:5267
2026-01-26 17:22:37.031 +01:00 [INF] Application started. Press Ctrl+C to shut down.
2026-01-26 17:22:37.033 +01:00 [INF] Hosting environment: Development
2026-01-26 17:22:37.034 +01:00 [INF] Content root path: C:\Repos\OPENCLASSROOM\p7\P7CreateRestApi\
2026-01-26 17:22:37.517 +01:00 [INF] Request starting HTTP/2 GET https://localhost:7210/swagger/index.html - -
2026-01-26 17:22:37.823 +01:00 [ERR] An unhandled exception has occurred while executing the request.
System.MissingMethodException: Method not found: 'Void System.Text.Json.Serialization.Metadata.JsonObjectInfoValues`1.set_ObjectCreator(System.Func`1<!0>)'.
   at Swashbuckle.AspNetCore.SwaggerUI.SwaggerUIOptionsJsonContext.get_ConfigObject()
   at Swashbuckle.AspNetCore.SwaggerUI.SwaggerUIMiddleware.GetIndexArguments()
   at Swashbuckle.AspNetCore.SwaggerUI.SwaggerUIMiddleware.RespondWithIndexHtml(HttpResponse response)
   at Swashbuckle.AspNetCore.SwaggerUI.SwaggerUIMiddleware.Invoke(HttpContext httpContext)
   at Swashbuckle.AspNetCore.Swagger.SwaggerMiddleware.Invoke(HttpContext httpContext, ISwaggerProvider swaggerProvider)
   at Microsoft.AspNetCore.Diagnostics.DeveloperExceptionPageMiddleware.Invoke(HttpContext context)
2026-01-26 17:22:37.942 +01:00 [INF] Request finished HTTP/2 GET https://localhost:7210/swagger/index.html - - - 500 - text/html;+charset=utf-8 430.1398ms
2026-01-26 17:22:37.954 +01:00 [INF] Request starting HTTP/2 GET https://localhost:7210/_framework/aspnetcore-browser-refresh.js - -
2026-01-26 17:22:37.954 +01:00 [INF] Request starting HTTP/2 GET https://localhost:7210/_vs/browserLink - -
2026-01-26 17:22:37.960 +01:00 [INF] Request finished HTTP/2 GET https://localhost:7210/_framework/aspnetcore-browser-refresh.js - - - 200 16515 application/javascript;+charset=utf-8 5.9187ms
2026-01-26 17:22:38.036 +01:00 [INF] Request finished HTTP/2 GET https://localhost:7210/_vs/browserLink - - - 200 - text/javascript;+charset=UTF-8 82.1363ms
2026-01-26 17:22:38.110 +01:00 [INF] Request starting HTTP/2 GET https://localhost:7210/favicon.ico - -
2026-01-26 17:22:38.116 +01:00 [INF] ➡️ GET /favicon.ico appelé par Anonyme
2026-01-26 17:22:38.367 +01:00 [INF] ⬅️ GET /favicon.ico terminé avec statut 404 (253 ms)
2026-01-26 17:22:38.370 +01:00 [INF] Request finished HTTP/2 GET https://localhost:7210/favicon.ico - - - 404 0 - 260.2901ms
2026-01-26 17:25:47.795 +01:00 [INF] User profile is available. Using 'C:\Users\michl\AppData\Local\ASP.NET\DataProtection-Keys' as key repository and Windows DPAPI to encrypt keys at rest.
2026-01-26 17:25:48.202 +01:00 [INF] Entity Framework Core 6.0.16 initialized 'LocalDbContext' using provider 'Microsoft.EntityFrameworkCore.SqlServer:6.0.16' with options: None
2026-01-26 17:25:48.809 +01:00 [INF] Executed DbCommand (33ms) [Parameters=[@__normalizedName_0='?' (Size = 256)], CommandType='"Text"', CommandTimeout='30']
SELECT TOP(1) [a].[Id], [a].[ConcurrencyStamp], [a].[Name], [a].[NormalizedName]
FROM [AspNetRoles] AS [a]
WHERE [a].[NormalizedName] = @__normalizedName_0
2026-01-26 17:25:48.857 +01:00 [INF] Executed DbCommand (3ms) [Parameters=[@__normalizedName_0='?' (Size = 256)], CommandType='"Text"', CommandTimeout='30']
SELECT TOP(1) [a].[Id], [a].[ConcurrencyStamp], [a].[Name], [a].[NormalizedName]
FROM [AspNetRoles] AS [a]
WHERE [a].[NormalizedName] = @__normalizedName_0
2026-01-26 17:25:48.869 +01:00 [INF] Executed DbCommand (5ms) [Parameters=[@__normalizedEmail_0='?' (Size = 256)], CommandType='"Text"', CommandTimeout='30']
SELECT TOP(2) [a].[Id], [a].[AccessFailedCount], [a].[ConcurrencyStamp], [a].[Email], [a].[EmailConfirmed], [a].[FullName], [a].[LockoutEnabled], [a].[LockoutEnd], [a].[NormalizedEmail], [a].[NormalizedUserName], [a].[PasswordHash], [a].[PhoneNumber], [a].[PhoneNumberConfirmed], [a].[SecurityStamp], [a].[TwoFactorEnabled], [a].[UserName]
FROM [AspNetUsers] AS [a]
WHERE [a].[NormalizedEmail] = @__normalizedEmail_0
2026-01-26 17:25:49.123 +01:00 [INF] Now listening on: https://localhost:7210
2026-01-26 17:25:49.123 +01:00 [INF] Now listening on: http://localhost:5267
2026-01-26 17:25:49.125 +01:00 [INF] Application started. Press Ctrl+C to shut down.
2026-01-26 17:25:49.125 +01:00 [INF] Hosting environment: Development
2026-01-26 17:25:49.125 +01:00 [INF] Content root path: C:\Repos\OPENCLASSROOM\p7\P7CreateRestApi\
2026-01-26 17:26:26.678 +01:00 [INF] Request starting HTTP/2 GET https://localhost:7210/ - -
2026-01-26 17:26:26.733 +01:00 [INF] ➡️ GET / appelé par Anonyme
2026-01-26 17:26:26.852 +01:00 [INF] ⬅️ GET / terminé avec statut 404 (121 ms)
2026-01-26 17:26:26.858 +01:00 [INF] Request finished HTTP/2 GET https://localhost:7210/ - - - 404 0 - 183.4153ms
2026-01-26 17:26:56.441 +01:00 [INF] Request starting HTTP/2 GET https://localhost:7210/swagger/index.html - -
2026-01-26 17:26:56.453 +01:00 [ERR] An unhandled exception has occurred while executing the request.
System.MissingMethodException: Method not found: 'Void System.Text.Json.Serialization.Metadata.JsonObjectInfoValues`1.set_ObjectCreator(System.Func`1<!0>)'.
   at Swashbuckle.AspNetCore.SwaggerUI.SwaggerUIOptionsJsonContext.get_ConfigObject()
   at Swashbuckle.AspNetCore.SwaggerUI.SwaggerUIMiddleware.GetIndexArguments()
   at Swashbuckle.AspNetCore.SwaggerUI.SwaggerUIMiddleware.RespondWithIndexHtml(HttpResponse response)
   at Swashbuckle.AspNetCore.SwaggerUI.SwaggerUIMiddleware.Invoke(HttpContext httpContext)
   at Swashbuckle.AspNetCore.Swagger.SwaggerMiddleware.Invoke(HttpContext httpContext, ISwaggerProvider swaggerProvider)
   at Microsoft.AspNetCore.Diagnostics.DeveloperExceptionPageMiddleware.Invoke(HttpContext context)
2026-01-26 17:26:56.536 +01:00 [INF] Request finished HTTP/2 GET https://localhost:7210/swagger/index.html - - - 500 - text/html;+charset=utf-8 95.0076ms
2026-01-26 17:26:58.792 +01:00 [INF] User profile is available. Using 'C:\Users\michl\AppData\Local\ASP.NET\DataProtection-Keys' as key repository and Windows DPAPI to encrypt keys at rest.
2026-01-26 17:26:59.842 +01:00 [INF] Entity Framework Core 6.0.16 initialized 'LocalDbContext' using provider 'Microsoft.EntityFrameworkCore.SqlServer:6.0.16' with options: None
2026-01-26 17:27:00.952 +01:00 [INF] Executed DbCommand (102ms) [Parameters=[@__normalizedName_0='?' (Size = 256)], CommandType='"Text"', CommandTimeout='30']
SELECT TOP(1) [a].[Id], [a].[ConcurrencyStamp], [a].[Name], [a].[NormalizedName]
FROM [AspNetRoles] AS [a]
WHERE [a].[NormalizedName] = @__normalizedName_0
2026-01-26 17:27:01.074 +01:00 [INF] Executed DbCommand (6ms) [Parameters=[@__normalizedName_0='?' (Size = 256)], CommandType='"Text"', CommandTimeout='30']
SELECT TOP(1) [a].[Id], [a].[ConcurrencyStamp], [a].[Name], [a].[NormalizedName]
FROM [AspNetRoles] AS [a]
WHERE [a].[NormalizedName] = @__normalizedName_0
2026-01-26 17:27:01.095 +01:00 [INF] Executed DbCommand (5ms) [Parameters=[@__normalizedEmail_0='?' (Size = 256)], CommandType='"Text"', CommandTimeout='30']
SELECT TOP(2) [a].[Id], [a].[AccessFailedCount], [a].[ConcurrencyStamp], [a].[Email], [a].[EmailConfirmed], [a].[FullName], [a].[LockoutEnabled], [a].[LockoutEnd], [a].[NormalizedEmail], [a].[NormalizedUserName], [a].[PasswordHash], [a].[PhoneNumber], [a].[PhoneNumberConfirmed], [a].[SecurityStamp], [a].[TwoFactorEnabled], [a].[UserName]
FROM [AspNetUsers] AS [a]
WHERE [a].[NormalizedEmail] = @__normalizedEmail_0
2026-01-26 17:30:18.931 +01:00 [INF] User profile is available. Using 'C:\Users\michl\AppData\Local\ASP.NET\DataProtection-Keys' as key repository and Windows DPAPI to encrypt keys at rest.
2026-01-26 17:30:19.814 +01:00 [INF] Entity Framework Core 6.0.16 initialized 'LocalDbContext' using provider 'Microsoft.EntityFrameworkCore.SqlServer:6.0.16' with options: None
2026-01-26 17:30:20.871 +01:00 [INF] Executed DbCommand (81ms) [Parameters=[@__normalizedName_0='?' (Size = 256)], CommandType='"Text"', CommandTimeout='30']
SELECT TOP(1) [a].[Id], [a].[ConcurrencyStamp], [a].[Name], [a].[NormalizedName]
FROM [AspNetRoles] AS [a]
WHERE [a].[NormalizedName] = @__normalizedName_0
2026-01-26 17:30:20.985 +01:00 [INF] Executed DbCommand (3ms) [Parameters=[@__normalizedName_0='?' (Size = 256)], CommandType='"Text"', CommandTimeout='30']
SELECT TOP(1) [a].[Id], [a].[ConcurrencyStamp], [a].[Name], [a].[NormalizedName]
FROM [AspNetRoles] AS [a]
WHERE [a].[NormalizedName] = @__normalizedName_0
2026-01-26 17:30:21.003 +01:00 [INF] Executed DbCommand (4ms) [Parameters=[@__normalizedEmail_0='?' (Size = 256)], CommandType='"Text"', CommandTimeout='30']
SELECT TOP(2) [a].[Id], [a].[AccessFailedCount], [a].[ConcurrencyStamp], [a].[Email], [a].[EmailConfirmed], [a].[FullName], [a].[LockoutEnabled], [a].[LockoutEnd], [a].[NormalizedEmail], [a].[NormalizedUserName], [a].[PasswordHash], [a].[PhoneNumber], [a].[PhoneNumberConfirmed], [a].[SecurityStamp], [a].[TwoFactorEnabled], [a].[UserName]
FROM [AspNetUsers] AS [a]
WHERE [a].[NormalizedEmail] = @__normalizedEmail_0
2026-01-26 17:30:21.344 +01:00 [INF] Now listening on: https://localhost:7210
2026-01-26 17:30:21.345 +01:00 [INF] Now listening on: http://localhost:5267
2026-01-26 17:30:21.519 +01:00 [INF] Application started. Press Ctrl+C to shut down.
2026-01-26 17:30:21.521 +01:00 [INF] Hosting environment: Development
2026-01-26 17:30:21.522 +01:00 [INF] Content root path: C:\Repos\OPENCLASSROOM\p7\P7CreateRestApi\
2026-01-26 17:30:21.787 +01:00 [INF] Request starting HTTP/2 GET https://localhost:7210/swagger/index.html - -
2026-01-26 17:30:22.123 +01:00 [INF] Request finished HTTP/2 GET https://localhost:7210/swagger/index.html - - - 200 - text/html;charset=utf-8 340.9169ms
2026-01-26 17:30:22.127 +01:00 [INF] Request starting HTTP/2 GET https://localhost:7210/_vs/browserLink - -
2026-01-26 17:30:22.127 +01:00 [INF] Request starting HTTP/2 GET https://localhost:7210/_framework/aspnetcore-browser-refresh.js - -
2026-01-26 17:30:22.142 +01:00 [INF] Request finished HTTP/2 GET https://localhost:7210/_framework/aspnetcore-browser-refresh.js - - - 200 16515 application/javascript;+charset=utf-8 14.6669ms
2026-01-26 17:30:22.200 +01:00 [INF] Request finished HTTP/2 GET https://localhost:7210/_vs/browserLink - - - 200 - text/javascript;+charset=UTF-8 72.7008ms
2026-01-26 17:30:22.253 +01:00 [INF] Request starting HTTP/2 GET https://localhost:7210/swagger/v1/swagger.json - -
2026-01-26 17:30:22.266 +01:00 [INF] Request finished HTTP/2 GET https://localhost:7210/swagger/v1/swagger.json - - - 200 - application/json;charset=utf-8 12.5321ms
2026-01-26 17:30:22.266 +01:00 [INF] Request starting HTTP/2 GET https://localhost:7210/swagger/favicon-32x32.png - -
2026-01-26 17:30:22.287 +01:00 [INF] Sending file. Request path: '/favicon-32x32.png'. Physical path: 'N/A'
2026-01-26 17:30:22.289 +01:00 [INF] Request finished HTTP/2 GET https://localhost:7210/swagger/favicon-32x32.png - - - 200 628 image/png 22.8354ms
2026-01-26 17:33:58.989 +01:00 [INF] Request starting HTTP/2 POST https://localhost:7210/api/auth/login application/json 72
2026-01-26 17:33:59.018 +01:00 [INF] ➡️ POST /api/auth/login appelé par Anonyme
2026-01-26 17:33:59.148 +01:00 [INF] Executing endpoint 'P7CreateRestApi.Controllers.AuthController.Login (P7CreateRestApi)'
2026-01-26 17:33:59.187 +01:00 [INF] Route matched with {action = "Login", controller = "Auth"}. Executing controller action with signature System.Threading.Tasks.Task`1[Microsoft.AspNetCore.Mvc.IActionResult] Login(P7CreateRestApi.Dto.Login.LoginRequestDto) on controller P7CreateRestApi.Controllers.AuthController (P7CreateRestApi).
2026-01-26 17:33:59.353 +01:00 [INF] Entity Framework Core 6.0.16 initialized 'LocalDbContext' using provider 'Microsoft.EntityFrameworkCore.SqlServer:6.0.16' with options: None
2026-01-26 17:33:59.370 +01:00 [INF] Executed DbCommand (11ms) [Parameters=[@__normalizedUserName_0='?' (Size = 256)], CommandType='"Text"', CommandTimeout='30']
SELECT TOP(1) [a].[Id], [a].[AccessFailedCount], [a].[ConcurrencyStamp], [a].[Email], [a].[EmailConfirmed], [a].[FullName], [a].[LockoutEnabled], [a].[LockoutEnd], [a].[NormalizedEmail], [a].[NormalizedUserName], [a].[PasswordHash], [a].[PhoneNumber], [a].[PhoneNumberConfirmed], [a].[SecurityStamp], [a].[TwoFactorEnabled], [a].[UserName]
FROM [AspNetUsers] AS [a]
WHERE [a].[NormalizedUserName] = @__normalizedUserName_0
2026-01-26 17:33:59.385 +01:00 [INF] Executing UnauthorizedObjectResult, writing value of type 'P7CreateRestApi.Dto.Login.AuthErrorDto'.
2026-01-26 17:33:59.399 +01:00 [INF] Executed action P7CreateRestApi.Controllers.AuthController.Login (P7CreateRestApi) in 203.4645ms
2026-01-26 17:33:59.404 +01:00 [INF] Executed endpoint 'P7CreateRestApi.Controllers.AuthController.Login (P7CreateRestApi)'
2026-01-26 17:33:59.409 +01:00 [INF] ⬅️ POST /api/auth/login terminé avec statut 401 (393 ms)
2026-01-26 17:33:59.420 +01:00 [INF] Request finished HTTP/2 POST https://localhost:7210/api/auth/login application/json 72 - 401 - application/json;+charset=utf-8 430.6613ms
2026-01-26 17:34:48.584 +01:00 [INF] User profile is available. Using 'C:\Users\michl\AppData\Local\ASP.NET\DataProtection-Keys' as key repository and Windows DPAPI to encrypt keys at rest.
2026-01-26 17:34:49.480 +01:00 [INF] Entity Framework Core 6.0.16 initialized 'LocalDbContext' using provider 'Microsoft.EntityFrameworkCore.SqlServer:6.0.16' with options: None
2026-01-26 17:34:50.549 +01:00 [INF] Executed DbCommand (83ms) [Parameters=[@__normalizedName_0='?' (Size = 256)], CommandType='"Text"', CommandTimeout='30']
SELECT TOP(1) [a].[Id], [a].[ConcurrencyStamp], [a].[Name], [a].[NormalizedName]
FROM [AspNetRoles] AS [a]
WHERE [a].[NormalizedName] = @__normalizedName_0
2026-01-26 17:34:50.664 +01:00 [INF] Executed DbCommand (3ms) [Parameters=[@__normalizedName_0='?' (Size = 256)], CommandType='"Text"', CommandTimeout='30']
SELECT TOP(1) [a].[Id], [a].[ConcurrencyStamp], [a].[Name], [a].[NormalizedName]
FROM [AspNetRoles] AS [a]
WHERE [a].[NormalizedName] = @__normalizedName_0
2026-01-26 17:34:50.678 +01:00 [INF] Executed DbCommand (4ms) [Parameters=[@__normalizedEmail_0='?' (Size = 256)], CommandType='"Text"', CommandTimeout='30']
SELECT TOP(2) [a].[Id], [a].[AccessFailedCount], [a].[ConcurrencyStamp], [a].[Email], [a].[EmailConfirmed], [a].[FullName], [a].[LockoutEnabled], [a].[LockoutEnd], [a].[NormalizedEmail], [a].[NormalizedUserName], [a].[PasswordHash], [a].[PhoneNumber], [a].[PhoneNumberConfirmed], [a].[SecurityStamp], [a].[TwoFactorEnabled], [a].[UserName]
FROM [AspNetUsers] AS [a]
WHERE [a].[NormalizedEmail] = @__normalizedEmail_0
2026-01-26 17:34:51.006 +01:00 [INF] Now listening on: https://localhost:7210
2026-01-26 17:34:51.009 +01:00 [INF] Now listening on: http://localhost:5267
2026-01-26 17:34:51.226 +01:00 [INF] Application started. Press Ctrl+C to shut down.
2026-01-26 17:34:51.228 +01:00 [INF] Hosting environment: Development
2026-01-26 17:34:51.229 +01:00 [INF] Content root path: C:\Repos\OPENCLASSROOM\p7\P7CreateRestApi\
2026-01-26 17:34:51.320 +01:00 [INF] Request starting HTTP/2 GET https://localhost:7210/swagger/index.html - -
2026-01-26 17:34:51.643 +01:00 [INF] Request finished HTTP/2 GET https://localhost:7210/swagger/index.html - - - 200 - text/html;charset=utf-8 326.3299ms
2026-01-26 17:34:51.666 +01:00 [INF] Request starting HTTP/2 GET https://localhost:7210/_framework/aspnetcore-browser-refresh.js - -
2026-01-26 17:34:51.666 +01:00 [INF] Request starting HTTP/2 GET https://localhost:7210/_vs/browserLink - -
2026-01-26 17:34:51.671 +01:00 [INF] Request finished HTTP/2 GET https://localhost:7210/_framework/aspnetcore-browser-refresh.js - - - 200 16515 application/javascript;+charset=utf-8 5.8424ms
2026-01-26 17:34:51.731 +01:00 [INF] Request finished HTTP/2 GET https://localhost:7210/_vs/browserLink - - - 200 - text/javascript;+charset=UTF-8 65.3907ms
2026-01-26 17:34:51.856 +01:00 [INF] Request starting HTTP/2 GET https://localhost:7210/swagger/v1/swagger.json - -
2026-01-26 17:34:51.867 +01:00 [INF] Request finished HTTP/2 GET https://localhost:7210/swagger/v1/swagger.json - - - 200 - application/json;charset=utf-8 11.9210ms
2026-01-26 17:35:04.007 +01:00 [INF] User profile is available. Using 'C:\Users\michl\AppData\Local\ASP.NET\DataProtection-Keys' as key repository and Windows DPAPI to encrypt keys at rest.
2026-01-26 17:35:04.907 +01:00 [INF] Entity Framework Core 6.0.16 initialized 'LocalDbContext' using provider 'Microsoft.EntityFrameworkCore.SqlServer:6.0.16' with options: None
2026-01-26 17:35:06.067 +01:00 [INF] Executed DbCommand (87ms) [Parameters=[@__normalizedName_0='?' (Size = 256)], CommandType='"Text"', CommandTimeout='30']
SELECT TOP(1) [a].[Id], [a].[ConcurrencyStamp], [a].[Name], [a].[NormalizedName]
FROM [AspNetRoles] AS [a]
WHERE [a].[NormalizedName] = @__normalizedName_0
2026-01-26 17:35:06.183 +01:00 [INF] Executed DbCommand (3ms) [Parameters=[@__normalizedName_0='?' (Size = 256)], CommandType='"Text"', CommandTimeout='30']
SELECT TOP(1) [a].[Id], [a].[ConcurrencyStamp], [a].[Name], [a].[NormalizedName]
FROM [AspNetRoles] AS [a]
WHERE [a].[NormalizedName] = @__normalizedName_0
2026-01-26 17:35:06.201 +01:00 [INF] Executed DbCommand (4ms) [Parameters=[@__normalizedEmail_0='?' (Size = 256)], CommandType='"Text"', CommandTimeout='30']
SELECT TOP(2) [a].[Id], [a].[AccessFailedCount], [a].[ConcurrencyStamp], [a].[Email], [a].[EmailConfirmed], [a].[FullName], [a].[LockoutEnabled], [a].[LockoutEnd], [a].[NormalizedEmail], [a].[NormalizedUserName], [a].[PasswordHash], [a].[PhoneNumber], [a].[PhoneNumberConfirmed], [a].[SecurityStamp], [a].[TwoFactorEnabled], [a].[UserName]
FROM [AspNetUsers] AS [a]
WHERE [a].[NormalizedEmail] = @__normalizedEmail_0
2026-01-26 17:35:06.584 +01:00 [INF] Now listening on: https://localhost:7210
2026-01-26 17:35:06.586 +01:00 [INF] Now listening on: http://localhost:5267
2026-01-26 17:35:06.792 +01:00 [INF] Application started. Press Ctrl+C to shut down.
2026-01-26 17:35:06.796 +01:00 [INF] Hosting environment: Development
2026-01-26 17:35:06.797 +01:00 [INF] Content root path: C:\Repos\OPENCLASSROOM\p7\P7CreateRestApi\
2026-01-26 17:35:06.920 +01:00 [INF] Request starting HTTP/2 GET https://localhost:7210/swagger/index.html - -
2026-01-26 17:35:07.254 +01:00 [INF] Request finished HTTP/2 GET https://localhost:7210/swagger/index.html - - - 200 - text/html;charset=utf-8 339.4584ms
2026-01-26 17:35:07.256 +01:00 [INF] Request starting HTTP/2 GET https://localhost:7210/_framework/aspnetcore-browser-refresh.js - -
2026-01-26 17:35:07.257 +01:00 [INF] Request starting HTTP/2 GET https://localhost:7210/_vs/browserLink - -
2026-01-26 17:35:07.269 +01:00 [INF] Request finished HTTP/2 GET https://localhost:7210/_framework/aspnetcore-browser-refresh.js - - - 200 16515 application/javascript;+charset=utf-8 13.0863ms
2026-01-26 17:35:07.325 +01:00 [INF] Request finished HTTP/2 GET https://localhost:7210/_vs/browserLink - - - 200 - text/javascript;+charset=UTF-8 68.4618ms
2026-01-26 17:35:07.353 +01:00 [INF] Request starting HTTP/2 GET https://localhost:7210/swagger/v1/swagger.json - -
2026-01-26 17:35:07.362 +01:00 [INF] Request finished HTTP/2 GET https://localhost:7210/swagger/v1/swagger.json - - - 200 - application/json;charset=utf-8 9.0843ms
2026-01-26 17:36:14.135 +01:00 [INF] Request starting HTTP/2 POST https://localhost:7210/api/auth/login application/json 69
2026-01-26 17:36:14.159 +01:00 [INF] ➡️ POST /api/auth/login appelé par Anonyme
2026-01-26 17:36:14.255 +01:00 [INF] Executing endpoint 'P7CreateRestApi.Controllers.AuthController.Login (P7CreateRestApi)'
2026-01-26 17:36:14.292 +01:00 [INF] Route matched with {action = "Login", controller = "Auth"}. Executing controller action with signature System.Threading.Tasks.Task`1[Microsoft.AspNetCore.Mvc.IActionResult] Login(P7CreateRestApi.Dto.Login.LoginRequestDto) on controller P7CreateRestApi.Controllers.AuthController (P7CreateRestApi).
2026-01-26 17:36:14.427 +01:00 [INF] Entity Framework Core 6.0.16 initialized 'LocalDbContext' using provider 'Microsoft.EntityFrameworkCore.SqlServer:6.0.16' with options: None
2026-01-26 17:36:14.449 +01:00 [INF] Executed DbCommand (17ms) [Parameters=[@__normalizedUserName_0='?' (Size = 256)], CommandType='"Text"', CommandTimeout='30']
SELECT TOP(1) [a].[Id], [a].[AccessFailedCount], [a].[ConcurrencyStamp], [a].[Email], [a].[EmailConfirmed], [a].[FullName], [a].[LockoutEnabled], [a].[LockoutEnd], [a].[NormalizedEmail], [a].[NormalizedUserName], [a].[PasswordHash], [a].[PhoneNumber], [a].[PhoneNumberConfirmed], [a].[SecurityStamp], [a].[TwoFactorEnabled], [a].[UserName]
FROM [AspNetUsers] AS [a]
WHERE [a].[NormalizedUserName] = @__normalizedUserName_0
2026-01-26 17:36:14.467 +01:00 [INF] Executing UnauthorizedObjectResult, writing value of type 'P7CreateRestApi.Dto.Login.AuthErrorDto'.
2026-01-26 17:36:14.479 +01:00 [INF] Executed action P7CreateRestApi.Controllers.AuthController.Login (P7CreateRestApi) in 179.0408ms
2026-01-26 17:36:14.484 +01:00 [INF] Executed endpoint 'P7CreateRestApi.Controllers.AuthController.Login (P7CreateRestApi)'
2026-01-26 17:36:14.487 +01:00 [INF] ⬅️ POST /api/auth/login terminé avec statut 401 (331 ms)
2026-01-26 17:36:14.498 +01:00 [INF] Request finished HTTP/2 POST https://localhost:7210/api/auth/login application/json 69 - 401 - application/json;+charset=utf-8 362.3073ms
2026-01-26 17:38:02.349 +01:00 [INF] Request starting HTTP/2 POST https://localhost:7210/api/auth/login application/json 69
2026-01-26 17:38:02.370 +01:00 [INF] ➡️ POST /api/auth/login appelé par Anonyme
2026-01-26 17:38:02.374 +01:00 [INF] Executing endpoint 'P7CreateRestApi.Controllers.AuthController.Login (P7CreateRestApi)'
2026-01-26 17:38:02.375 +01:00 [INF] Route matched with {action = "Login", controller = "Auth"}. Executing controller action with signature System.Threading.Tasks.Task`1[Microsoft.AspNetCore.Mvc.IActionResult] Login(P7CreateRestApi.Dto.Login.LoginRequestDto) on controller P7CreateRestApi.Controllers.AuthController (P7CreateRestApi).
2026-01-26 17:38:02.396 +01:00 [INF] Entity Framework Core 6.0.16 initialized 'LocalDbContext' using provider 'Microsoft.EntityFrameworkCore.SqlServer:6.0.16' with options: None
2026-01-26 17:38:02.408 +01:00 [INF] Executed DbCommand (8ms) [Parameters=[@__normalizedUserName_0='?' (Size = 256)], CommandType='"Text"', CommandTimeout='30']
SELECT TOP(1) [a].[Id], [a].[AccessFailedCount], [a].[ConcurrencyStamp], [a].[Email], [a].[EmailConfirmed], [a].[FullName], [a].[LockoutEnabled], [a].[LockoutEnd], [a].[NormalizedEmail], [a].[NormalizedUserName], [a].[PasswordHash], [a].[PhoneNumber], [a].[PhoneNumberConfirmed], [a].[SecurityStamp], [a].[TwoFactorEnabled], [a].[UserName]
FROM [AspNetUsers] AS [a]
WHERE [a].[NormalizedUserName] = @__normalizedUserName_0
2026-01-26 17:38:02.412 +01:00 [INF] Executing UnauthorizedObjectResult, writing value of type 'P7CreateRestApi.Dto.Login.AuthErrorDto'.
2026-01-26 17:38:02.414 +01:00 [INF] Executed action P7CreateRestApi.Controllers.AuthController.Login (P7CreateRestApi) in 36.3451ms
2026-01-26 17:38:02.415 +01:00 [INF] Executed endpoint 'P7CreateRestApi.Controllers.AuthController.Login (P7CreateRestApi)'
2026-01-26 17:38:02.416 +01:00 [INF] ⬅️ POST /api/auth/login terminé avec statut 401 (46 ms)
2026-01-26 17:38:02.422 +01:00 [INF] Request finished HTTP/2 POST https://localhost:7210/api/auth/login application/json 69 - 401 - application/json;+charset=utf-8 72.4858ms
2026-01-26 17:49:42.468 +01:00 [INF] User profile is available. Using 'C:\Users\michl\AppData\Local\ASP.NET\DataProtection-Keys' as key repository and Windows DPAPI to encrypt keys at rest.
2026-01-26 17:49:43.450 +01:00 [INF] Entity Framework Core 6.0.16 initialized 'LocalDbContext' using provider 'Microsoft.EntityFrameworkCore.SqlServer:6.0.16' with options: None
2026-01-26 17:49:44.680 +01:00 [INF] Executed DbCommand (88ms) [Parameters=[@__normalizedName_0='?' (Size = 256)], CommandType='"Text"', CommandTimeout='30']
SELECT TOP(1) [a].[Id], [a].[ConcurrencyStamp], [a].[Name], [a].[NormalizedName]
FROM [AspNetRoles] AS [a]
WHERE [a].[NormalizedName] = @__normalizedName_0
2026-01-26 17:49:44.796 +01:00 [INF] Executed DbCommand (3ms) [Parameters=[@__normalizedName_0='?' (Size = 256)], CommandType='"Text"', CommandTimeout='30']
SELECT TOP(1) [a].[Id], [a].[ConcurrencyStamp], [a].[Name], [a].[NormalizedName]
FROM [AspNetRoles] AS [a]
WHERE [a].[NormalizedName] = @__normalizedName_0
2026-01-26 17:49:44.814 +01:00 [INF] Executed DbCommand (3ms) [Parameters=[@__normalizedEmail_0='?' (Size = 256)], CommandType='"Text"', CommandTimeout='30']
SELECT TOP(2) [a].[Id], [a].[AccessFailedCount], [a].[ConcurrencyStamp], [a].[Email], [a].[EmailConfirmed], [a].[FullName], [a].[LockoutEnabled], [a].[LockoutEnd], [a].[NormalizedEmail], [a].[NormalizedUserName], [a].[PasswordHash], [a].[PhoneNumber], [a].[PhoneNumberConfirmed], [a].[SecurityStamp], [a].[TwoFactorEnabled], [a].[UserName]
FROM [AspNetUsers] AS [a]
WHERE [a].[NormalizedEmail] = @__normalizedEmail_0
2026-01-26 17:49:45.267 +01:00 [INF] Now listening on: https://localhost:7210
2026-01-26 17:49:45.268 +01:00 [INF] Now listening on: http://localhost:5267
2026-01-26 17:49:45.442 +01:00 [INF] Application started. Press Ctrl+C to shut down.
2026-01-26 17:49:45.444 +01:00 [INF] Hosting environment: Development
2026-01-26 17:49:45.445 +01:00 [INF] Content root path: C:\Repos\OPENCLASSROOM\p7\P7CreateRestApi\
2026-01-26 17:49:46.300 +01:00 [INF] Request starting HTTP/2 GET https://localhost:7210/swagger/index.html - -
2026-01-26 17:49:46.762 +01:00 [INF] Request finished HTTP/2 GET https://localhost:7210/swagger/index.html - - - 200 - text/html;charset=utf-8 469.2908ms
2026-01-26 17:49:46.783 +01:00 [INF] Request starting HTTP/2 GET https://localhost:7210/_framework/aspnetcore-browser-refresh.js - -
2026-01-26 17:49:46.783 +01:00 [INF] Request starting HTTP/2 GET https://localhost:7210/_vs/browserLink - -
2026-01-26 17:49:46.793 +01:00 [INF] Request finished HTTP/2 GET https://localhost:7210/_framework/aspnetcore-browser-refresh.js - - - 200 16515 application/javascript;+charset=utf-8 10.2218ms
2026-01-26 17:49:46.869 +01:00 [INF] Request finished HTTP/2 GET https://localhost:7210/_vs/browserLink - - - 200 - text/javascript;+charset=UTF-8 86.2515ms
2026-01-26 17:49:47.016 +01:00 [INF] Request starting HTTP/2 GET https://localhost:7210/swagger/v1/swagger.json - -
2026-01-26 17:49:47.033 +01:00 [INF] Request finished HTTP/2 GET https://localhost:7210/swagger/v1/swagger.json - - - 200 - application/json;charset=utf-8 17.0726ms
2026-01-26 17:51:20.348 +01:00 [INF] Request starting HTTP/2 POST https://localhost:7210/api/auth/login application/json 69
2026-01-26 17:51:20.361 +01:00 [INF] ➡️ POST /api/auth/login appelé par Anonyme
2026-01-26 17:51:20.486 +01:00 [INF] Executing endpoint 'P7CreateRestApi.Controllers.AuthController.Login (P7CreateRestApi)'
2026-01-26 17:51:20.533 +01:00 [INF] Route matched with {action = "Login", controller = "Auth"}. Executing controller action with signature System.Threading.Tasks.Task`1[Microsoft.AspNetCore.Mvc.IActionResult] Login(P7CreateRestApi.Dto.Login.LoginRequestDto) on controller P7CreateRestApi.Controllers.AuthController (P7CreateRestApi).
2026-01-26 17:51:20.704 +01:00 [INF] Entity Framework Core 6.0.16 initialized 'LocalDbContext' using provider 'Microsoft.EntityFrameworkCore.SqlServer:6.0.16' with options: None
2026-01-26 17:51:20.720 +01:00 [INF] Executed DbCommand (12ms) [Parameters=[@__normalizedEmail_0='?' (Size = 256)], CommandType='"Text"', CommandTimeout='30']
SELECT TOP(2) [a].[Id], [a].[AccessFailedCount], [a].[ConcurrencyStamp], [a].[Email], [a].[EmailConfirmed], [a].[FullName], [a].[LockoutEnabled], [a].[LockoutEnd], [a].[NormalizedEmail], [a].[NormalizedUserName], [a].[PasswordHash], [a].[PhoneNumber], [a].[PhoneNumberConfirmed], [a].[SecurityStamp], [a].[TwoFactorEnabled], [a].[UserName]
FROM [AspNetUsers] AS [a]
WHERE [a].[NormalizedEmail] = @__normalizedEmail_0
2026-01-26 17:51:20.889 +01:00 [INF] Executed DbCommand (8ms) [Parameters=[@__userId_0='?' (Size = 450)], CommandType='"Text"', CommandTimeout='30']
SELECT [a0].[Name]
FROM [AspNetUserRoles] AS [a]
INNER JOIN [AspNetRoles] AS [a0] ON [a].[RoleId] = [a0].[Id]
WHERE [a].[UserId] = @__userId_0
2026-01-26 17:51:21.151 +01:00 [INF] Executing OkObjectResult, writing value of type 'P7CreateRestApi.Dto.Login.LoginResponseDto'.
2026-01-26 17:51:21.173 +01:00 [INF] Executed action P7CreateRestApi.Controllers.AuthController.Login (P7CreateRestApi) in 632.4722ms
2026-01-26 17:51:21.177 +01:00 [INF] Executed endpoint 'P7CreateRestApi.Controllers.AuthController.Login (P7CreateRestApi)'
2026-01-26 17:51:21.180 +01:00 [INF] ⬅️ POST /api/auth/login terminé avec statut 200 (822 ms)
2026-01-26 17:51:21.191 +01:00 [INF] Request finished HTTP/2 POST https://localhost:7210/api/auth/login application/json 69 - 200 - application/json;+charset=utf-8 843.4575ms
2026-01-26 17:51:52.811 +01:00 [INF] Request starting HTTP/2 GET https://localhost:7210/api/User - -
2026-01-26 17:51:52.820 +01:00 [INF] ➡️ GET /api/User appelé par Anonyme
2026-01-26 17:51:52.909 +01:00 [INF] Executing endpoint 'P7CreateRestApi.Controllers.UserController.GetAll (P7CreateRestApi)'
2026-01-26 17:51:52.914 +01:00 [INF] Route matched with {action = "GetAll", controller = "User"}. Executing controller action with signature System.Threading.Tasks.Task`1[Microsoft.AspNetCore.Mvc.IActionResult] GetAll() on controller P7CreateRestApi.Controllers.UserController (P7CreateRestApi).
2026-01-26 17:51:52.933 +01:00 [INF] Entity Framework Core 6.0.16 initialized 'LocalDbContext' using provider 'Microsoft.EntityFrameworkCore.SqlServer:6.0.16' with options: None
2026-01-26 17:51:52.946 +01:00 [INF] Executed DbCommand (5ms) [Parameters=[], CommandType='"Text"', CommandTimeout='30']
SELECT [a].[Id], [a].[Email], [a].[UserName]
FROM [AspNetUsers] AS [a]
2026-01-26 17:51:52.950 +01:00 [INF] Admin admin a listé 2 utilisateurs
2026-01-26 17:51:52.951 +01:00 [INF] Executing OkObjectResult, writing value of type 'System.Collections.Generic.List`1[[<>f__AnonymousType2`3[[System.String, System.Private.CoreLib, Version=6.0.0.0, Culture=neutral, PublicKeyToken=7cec85d7bea7798e],[System.String, System.Private.CoreLib, Version=6.0.0.0, Culture=neutral, PublicKeyToken=7cec85d7bea7798e],[System.String, System.Private.CoreLib, Version=6.0.0.0, Culture=neutral, PublicKeyToken=7cec85d7bea7798e]], P7CreateRestApi, Version=1.0.0.0, Culture=neutral, PublicKeyToken=null]]'.
2026-01-26 17:51:52.956 +01:00 [INF] Executed action P7CreateRestApi.Controllers.UserController.GetAll (P7CreateRestApi) in 39.6472ms
2026-01-26 17:51:52.959 +01:00 [INF] Executed endpoint 'P7CreateRestApi.Controllers.UserController.GetAll (P7CreateRestApi)'
2026-01-26 17:51:52.964 +01:00 [INF] ⬅️ GET /api/User terminé avec statut 200 (144 ms)
2026-01-26 17:51:52.966 +01:00 [INF] Request finished HTTP/2 GET https://localhost:7210/api/User - - - 200 - application/json;+charset=utf-8 154.4841ms
2026-01-26 17:52:47.666 +01:00 [INF] Request starting HTTP/2 POST https://localhost:7210/api/Bid application/json 69
2026-01-26 17:52:47.672 +01:00 [INF] ➡️ POST /api/Bid appelé par Anonyme
2026-01-26 17:52:47.686 +01:00 [INF] Executing endpoint 'Dot.Net.WebApi.Controllers.BidController.Create (P7CreateRestApi)'
2026-01-26 17:52:47.690 +01:00 [INF] Route matched with {action = "Create", controller = "Bid"}. Executing controller action with signature System.Threading.Tasks.Task`1[Microsoft.AspNetCore.Mvc.IActionResult] Create(P7CreateRestApi.Dto.Bid.CreateBidDto) on controller Dot.Net.WebApi.Controllers.BidController (P7CreateRestApi).
2026-01-26 17:52:47.711 +01:00 [INF] Entity Framework Core 6.0.16 initialized 'LocalDbContext' using provider 'Microsoft.EntityFrameworkCore.SqlServer:6.0.16' with options: None
2026-01-26 17:52:48.003 +01:00 [ERR] Failed executing DbCommand (80ms) [Parameters=[@p0='?' (Size = 4000), @p1='?' (DbType = Double), @p2='?' (DbType = Double), @p3='?' (Size = 4000), @p4='?' (DbType = DateTime2), @p5='?' (DbType = Double), @p6='?' (Size = 4000), @p7='?' (Size = 4000), @p8='?' (Size = 4000), @p9='?' (DbType = Double), @p10='?' (Size = 4000), @p11='?' (Size = 4000), @p12='?' (DbType = DateTime2), @p13='?' (Size = 4000), @p14='?' (Size = 4000), @p15='?' (Size = 4000), @p16='?' (DbType = DateTime2), @p17='?' (Size = 4000), @p18='?' (Size = 4000), @p19='?' (Size = 4000), @p20='?' (Size = 4000)], CommandType='"Text"', CommandTimeout='30']
SET NOCOUNT ON;
INSERT INTO [Bids] ([Account], [Ask], [AskQuantity], [Benchmark], [BidListDate], [BidQuantity], [BidSecurity], [BidStatus], [BidType], [BidValue], [Book], [Commentary], [CreationDate], [CreationName], [DealName], [DealType], [RevisionDate], [RevisionName], [Side], [SourceListId], [Trader])
VALUES (@p0, @p1, @p2, @p3, @p4, @p5, @p6, @p7, @p8, @p9, @p10, @p11, @p12, @p13, @p14, @p15, @p16, @p17, @p18, @p19, @p20);
SELECT [Id]
FROM [Bids]
WHERE @@ROWCOUNT = 1 AND [Id] = scope_identity();
2026-01-26 17:52:48.114 +01:00 [ERR] An exception occurred in the database while saving changes for context type 'P7CreateRestApi.Data.LocalDbContext'.
Microsoft.EntityFrameworkCore.DbUpdateException: An error occurred while saving the entity changes. See the inner exception for details.
 ---> Microsoft.Data.SqlClient.SqlException (0x80131904): Impossible d'insérer la valeur NULL dans la colonne 'Benchmark', table 'FindexiumDb.dbo.Bids'. Cette colonne n'accepte pas les valeurs NULL. Échec de INSERT.
L'instruction a été arrêtée.
   at Microsoft.Data.SqlClient.SqlCommand.<>c.<ExecuteDbDataReaderAsync>b__188_0(Task`1 result)
   at System.Threading.Tasks.ContinuationResultTaskFromResultTask`2.InnerInvoke()
   at System.Threading.Tasks.Task.<>c.<.cctor>b__272_0(Object obj)
   at System.Threading.ExecutionContext.RunInternal(ExecutionContext executionContext, ContextCallback callback, Object state)
--- End of stack trace from previous location ---
   at System.Threading.ExecutionContext.RunInternal(ExecutionContext executionContext, ContextCallback callback, Object state)
   at System.Threading.Tasks.Task.ExecuteWithThreadLocal(Task& currentTaskSlot, Thread threadPoolThread)
--- End of stack trace from previous location ---
   at Microsoft.EntityFrameworkCore.Storage.RelationalCommand.ExecuteReaderAsync(RelationalCommandParameterObject parameterObject, CancellationToken cancellationToken)
   at Microsoft.EntityFrameworkCore.Storage.RelationalCommand.ExecuteReaderAsync(RelationalCommandParameterObject parameterObject, CancellationToken cancellationToken)
   at Microsoft.EntityFrameworkCore.Update.ReaderModificationCommandBatch.ExecuteAsync(IRelationalConnection connection, CancellationToken cancellationToken)
ClientConnectionId:781eb998-1061-472a-9250-d18f0dc68134
Error Number:515,State:2,Class:16
   --- End of inner exception stack trace ---
   at Microsoft.EntityFrameworkCore.Update.ReaderModificationCommandBatch.ExecuteAsync(IRelationalConnection connection, CancellationToken cancellationToken)
   at Microsoft.EntityFrameworkCore.Update.Internal.BatchExecutor.ExecuteAsync(IEnumerable`1 commandBatches, IRelationalConnection connection, CancellationToken cancellationToken)
   at Microsoft.EntityFrameworkCore.Update.Internal.BatchExecutor.ExecuteAsync(IEnumerable`1 commandBatches, IRelationalConnection connection, CancellationToken cancellationToken)
   at Microsoft.EntityFrameworkCore.Update.Internal.BatchExecutor.ExecuteAsync(IEnumerable`1 commandBatches, IRelationalConnection connection, CancellationToken cancellationToken)
   at Microsoft.EntityFrameworkCore.ChangeTracking.Internal.StateManager.SaveChangesAsync(IList`1 entriesToSave, CancellationToken cancellationToken)
   at Microsoft.EntityFrameworkCore.ChangeTracking.Internal.StateManager.SaveChangesAsync(StateManager stateManager, Boolean acceptAllChangesOnSuccess, CancellationToken cancellationToken)
   at Microsoft.EntityFrameworkCore.SqlServer.Storage.Internal.SqlServerExecutionStrategy.ExecuteAsync[TState,TResult](TState state, Func`4 operation, Func`4 verifySucceeded, CancellationToken cancellationToken)
   at Microsoft.EntityFrameworkCore.DbContext.SaveChangesAsync(Boolean acceptAllChangesOnSuccess, CancellationToken cancellationToken)
Microsoft.EntityFrameworkCore.DbUpdateException: An error occurred while saving the entity changes. See the inner exception for details.
 ---> Microsoft.Data.SqlClient.SqlException (0x80131904): Impossible d'insérer la valeur NULL dans la colonne 'Benchmark', table 'FindexiumDb.dbo.Bids'. Cette colonne n'accepte pas les valeurs NULL. Échec de INSERT.
L'instruction a été arrêtée.
   at Microsoft.Data.SqlClient.SqlCommand.<>c.<ExecuteDbDataReaderAsync>b__188_0(Task`1 result)
   at System.Threading.Tasks.ContinuationResultTaskFromResultTask`2.InnerInvoke()
   at System.Threading.Tasks.Task.<>c.<.cctor>b__272_0(Object obj)
   at System.Threading.ExecutionContext.RunInternal(ExecutionContext executionContext, ContextCallback callback, Object state)
--- End of stack trace from previous location ---
   at System.Threading.ExecutionContext.RunInternal(ExecutionContext executionContext, ContextCallback callback, Object state)
   at System.Threading.Tasks.Task.ExecuteWithThreadLocal(Task& currentTaskSlot, Thread threadPoolThread)
--- End of stack trace from previous location ---
   at Microsoft.EntityFrameworkCore.Storage.RelationalCommand.ExecuteReaderAsync(RelationalCommandParameterObject parameterObject, CancellationToken cancellationToken)
   at Microsoft.EntityFrameworkCore.Storage.RelationalCommand.ExecuteReaderAsync(RelationalCommandParameterObject parameterObject, CancellationToken cancellationToken)
   at Microsoft.EntityFrameworkCore.Update.ReaderModificationCommandBatch.ExecuteAsync(IRelationalConnection connection, CancellationToken cancellationToken)
ClientConnectionId:781eb998-1061-472a-9250-d18f0dc68134
Error Number:515,State:2,Class:16
   --- End of inner exception stack trace ---
   at Microsoft.EntityFrameworkCore.Update.ReaderModificationCommandBatch.ExecuteAsync(IRelationalConnection connection, CancellationToken cancellationToken)
   at Microsoft.EntityFrameworkCore.Update.Internal.BatchExecutor.ExecuteAsync(IEnumerable`1 commandBatches, IRelationalConnection connection, CancellationToken cancellationToken)
   at Microsoft.EntityFrameworkCore.Update.Internal.BatchExecutor.ExecuteAsync(IEnumerable`1 commandBatches, IRelationalConnection connection, CancellationToken cancellationToken)
   at Microsoft.EntityFrameworkCore.Update.Internal.BatchExecutor.ExecuteAsync(IEnumerable`1 commandBatches, IRelationalConnection connection, CancellationToken cancellationToken)
   at Microsoft.EntityFrameworkCore.ChangeTracking.Internal.StateManager.SaveChangesAsync(IList`1 entriesToSave, CancellationToken cancellationToken)
   at Microsoft.EntityFrameworkCore.ChangeTracking.Internal.StateManager.SaveChangesAsync(StateManager stateManager, Boolean acceptAllChangesOnSuccess, CancellationToken cancellationToken)
   at Microsoft.EntityFrameworkCore.SqlServer.Storage.Internal.SqlServerExecutionStrategy.ExecuteAsync[TState,TResult](TState state, Func`4 operation, Func`4 verifySucceeded, CancellationToken cancellationToken)
   at Microsoft.EntityFrameworkCore.DbContext.SaveChangesAsync(Boolean acceptAllChangesOnSuccess, CancellationToken cancellationToken)
2026-01-26 17:52:48.247 +01:00 [INF] Executed action Dot.Net.WebApi.Controllers.BidController.Create (P7CreateRestApi) in 554.2333ms
2026-01-26 17:52:48.250 +01:00 [INF] Executed endpoint 'Dot.Net.WebApi.Controllers.BidController.Create (P7CreateRestApi)'
2026-01-26 17:52:48.335 +01:00 [ERR] An unhandled exception has occurred while executing the request.
Microsoft.EntityFrameworkCore.DbUpdateException: An error occurred while saving the entity changes. See the inner exception for details.
 ---> Microsoft.Data.SqlClient.SqlException (0x80131904): Impossible d'insérer la valeur NULL dans la colonne 'Benchmark', table 'FindexiumDb.dbo.Bids'. Cette colonne n'accepte pas les valeurs NULL. Échec de INSERT.
L'instruction a été arrêtée.
   at Microsoft.Data.SqlClient.SqlCommand.<>c.<ExecuteDbDataReaderAsync>b__188_0(Task`1 result)
   at System.Threading.Tasks.ContinuationResultTaskFromResultTask`2.InnerInvoke()
   at System.Threading.Tasks.Task.<>c.<.cctor>b__272_0(Object obj)
   at System.Threading.ExecutionContext.RunInternal(ExecutionContext executionContext, ContextCallback callback, Object state)
--- End of stack trace from previous location ---
   at System.Threading.ExecutionContext.RunInternal(ExecutionContext executionContext, ContextCallback callback, Object state)
   at System.Threading.Tasks.Task.ExecuteWithThreadLocal(Task& currentTaskSlot, Thread threadPoolThread)
--- End of stack trace from previous location ---
   at Microsoft.EntityFrameworkCore.Storage.RelationalCommand.ExecuteReaderAsync(RelationalCommandParameterObject parameterObject, CancellationToken cancellationToken)
   at Microsoft.EntityFrameworkCore.Storage.RelationalCommand.ExecuteReaderAsync(RelationalCommandParameterObject parameterObject, CancellationToken cancellationToken)
   at Microsoft.EntityFrameworkCore.Update.ReaderModificationCommandBatch.ExecuteAsync(IRelationalConnection connection, CancellationToken cancellationToken)
ClientConnectionId:781eb998-1061-472a-9250-d18f0dc68134
Error Number:515,State:2,Class:16
   --- End of inner exception stack trace ---
   at Microsoft.EntityFrameworkCore.Update.ReaderModificationCommandBatch.ExecuteAsync(IRelationalConnection connection, CancellationToken cancellationToken)
   at Microsoft.EntityFrameworkCore.Update.Internal.BatchExecutor.ExecuteAsync(IEnumerable`1 commandBatches, IRelationalConnection connection, CancellationToken cancellationToken)
   at Microsoft.EntityFrameworkCore.Update.Internal.BatchExecutor.ExecuteAsync(IEnumerable`1 commandBatches, IRelationalConnection connection, CancellationToken cancellationToken)
   at Microsoft.EntityFrameworkCore.Update.Internal.BatchExecutor.ExecuteAsync(IEnumerable`1 commandBatches, IRelationalConnection connection, CancellationToken cancellationToken)
   at Microsoft.EntityFrameworkCore.ChangeTracking.Internal.StateManager.SaveChangesAsync(IList`1 entriesToSave, CancellationToken cancellationToken)
   at Microsoft.EntityFrameworkCore.ChangeTracking.Internal.StateManager.SaveChangesAsync(StateManager stateManager, Boolean acceptAllChangesOnSuccess, CancellationToken cancellationToken)
   at Microsoft.EntityFrameworkCore.SqlServer.Storage.Internal.SqlServerExecutionStrategy.ExecuteAsync[TState,TResult](TState state, Func`4 operation, Func`4 verifySucceeded, CancellationToken cancellationToken)
   at Microsoft.EntityFrameworkCore.DbContext.SaveChangesAsync(Boolean acceptAllChangesOnSuccess, CancellationToken cancellationToken)
   at Microsoft.EntityFrameworkCore.DbContext.SaveChangesAsync(Boolean acceptAllChangesOnSuccess, CancellationToken cancellationToken)
   at P7CreateRestApi.Repositories.BidRepository.AddAsync(Bid bid) in C:\Repos\OPENCLASSROOM\p7\P7CreateRestApi\Repositories\BidRepository.cs:line 31
   at Dot.Net.WebApi.Controllers.BidController.Create(CreateBidDto dto) in C:\Repos\OPENCLASSROOM\p7\P7CreateRestApi\Controllers\BidController.cs:line 66
   at Microsoft.AspNetCore.Mvc.Infrastructure.ActionMethodExecutor.TaskOfIActionResultExecutor.Execute(IActionResultTypeMapper mapper, ObjectMethodExecutor executor, Object controller, Object[] arguments)
   at Microsoft.AspNetCore.Mvc.Infrastructure.ControllerActionInvoker.<InvokeActionMethodAsync>g__Awaited|12_0(ControllerActionInvoker invoker, ValueTask`1 actionResultValueTask)
   at Microsoft.AspNetCore.Mvc.Infrastructure.ControllerActionInvoker.<InvokeNextActionFilterAsync>g__Awaited|10_0(ControllerActionInvoker invoker, Task lastTask, State next, Scope scope, Object state, Boolean isCompleted)
   at Microsoft.AspNetCore.Mvc.Infrastructure.ControllerActionInvoker.Rethrow(ActionExecutedContextSealed context)
   at Microsoft.AspNetCore.Mvc.Infrastructure.ControllerActionInvoker.Next(State& next, Scope& scope, Object& state, Boolean& isCompleted)
   at Microsoft.AspNetCore.Mvc.Infrastructure.ControllerActionInvoker.<InvokeInnerFilterAsync>g__Awaited|13_0(ControllerActionInvoker invoker, Task lastTask, State next, Scope scope, Object state, Boolean isCompleted)
   at Microsoft.AspNetCore.Mvc.Infrastructure.ResourceInvoker.<InvokeFilterPipelineAsync>g__Awaited|20_0(ResourceInvoker invoker, Task lastTask, State next, Scope scope, Object state, Boolean isCompleted)
   at Microsoft.AspNetCore.Mvc.Infrastructure.ResourceInvoker.<InvokeAsync>g__Logged|17_1(ResourceInvoker invoker)
   at Microsoft.AspNetCore.Mvc.Infrastructure.ResourceInvoker.<InvokeAsync>g__Logged|17_1(ResourceInvoker invoker)
   at Microsoft.AspNetCore.Routing.EndpointMiddleware.<Invoke>g__AwaitRequestTask|6_0(Endpoint endpoint, Task requestTask, ILogger logger)
   at Microsoft.AspNetCore.Authorization.Policy.AuthorizationMiddlewareResultHandler.HandleAsync(RequestDelegate next, HttpContext context, AuthorizationPolicy policy, PolicyAuthorizationResult authorizeResult)
   at Microsoft.AspNetCore.Authorization.AuthorizationMiddleware.Invoke(HttpContext context)
   at Microsoft.AspNetCore.Authentication.AuthenticationMiddleware.Invoke(HttpContext context)
   at P7CreateRestApi.Middlewares.RequestLoggingMiddleware.InvokeAsync(HttpContext context) in C:\Repos\OPENCLASSROOM\p7\P7CreateRestApi\Middlewares\RequesLoggingMiddleware.cs:line 24
   at Swashbuckle.AspNetCore.SwaggerUI.SwaggerUIMiddleware.Invoke(HttpContext httpContext)
   at Swashbuckle.AspNetCore.Swagger.SwaggerMiddleware.Invoke(HttpContext httpContext, ISwaggerProvider swaggerProvider)
   at Microsoft.AspNetCore.Diagnostics.DeveloperExceptionPageMiddleware.Invoke(HttpContext context)
2026-01-26 17:52:48.375 +01:00 [INF] Request finished HTTP/2 POST https://localhost:7210/api/Bid application/json 69 - 500 - text/plain;+charset=utf-8 709.2243ms
2026-01-26 17:57:40.425 +01:00 [INF] User profile is available. Using 'C:\Users\michl\AppData\Local\ASP.NET\DataProtection-Keys' as key repository and Windows DPAPI to encrypt keys at rest.
2026-01-26 17:57:41.309 +01:00 [INF] Entity Framework Core 6.0.16 initialized 'LocalDbContext' using provider 'Microsoft.EntityFrameworkCore.SqlServer:6.0.16' with options: None
2026-01-26 17:57:42.287 +01:00 [INF] Executed DbCommand (76ms) [Parameters=[@__normalizedName_0='?' (Size = 256)], CommandType='"Text"', CommandTimeout='30']
SELECT TOP(1) [a].[Id], [a].[ConcurrencyStamp], [a].[Name], [a].[NormalizedName]
FROM [AspNetRoles] AS [a]
WHERE [a].[NormalizedName] = @__normalizedName_0
2026-01-26 17:57:42.394 +01:00 [INF] Executed DbCommand (3ms) [Parameters=[@__normalizedName_0='?' (Size = 256)], CommandType='"Text"', CommandTimeout='30']
SELECT TOP(1) [a].[Id], [a].[ConcurrencyStamp], [a].[Name], [a].[NormalizedName]
FROM [AspNetRoles] AS [a]
WHERE [a].[NormalizedName] = @__normalizedName_0
2026-01-26 17:57:42.409 +01:00 [INF] Executed DbCommand (3ms) [Parameters=[@__normalizedEmail_0='?' (Size = 256)], CommandType='"Text"', CommandTimeout='30']
SELECT TOP(2) [a].[Id], [a].[AccessFailedCount], [a].[ConcurrencyStamp], [a].[Email], [a].[EmailConfirmed], [a].[FullName], [a].[LockoutEnabled], [a].[LockoutEnd], [a].[NormalizedEmail], [a].[NormalizedUserName], [a].[PasswordHash], [a].[PhoneNumber], [a].[PhoneNumberConfirmed], [a].[SecurityStamp], [a].[TwoFactorEnabled], [a].[UserName]
FROM [AspNetUsers] AS [a]
WHERE [a].[NormalizedEmail] = @__normalizedEmail_0
2026-01-26 17:57:42.760 +01:00 [INF] Now listening on: https://localhost:7210
2026-01-26 17:57:42.761 +01:00 [INF] Now listening on: http://localhost:5267
2026-01-26 17:57:42.936 +01:00 [INF] Application started. Press Ctrl+C to shut down.
2026-01-26 17:57:42.938 +01:00 [INF] Hosting environment: Development
2026-01-26 17:57:42.939 +01:00 [INF] Content root path: C:\Repos\OPENCLASSROOM\p7\P7CreateRestApi\
2026-01-26 17:57:43.318 +01:00 [INF] Request starting HTTP/2 GET https://localhost:7210/swagger/index.html - -
2026-01-26 17:57:43.318 +01:00 [INF] Request starting HTTP/2 GET https://localhost:7210/_framework/aspnetcore-browser-refresh.js - -
2026-01-26 17:57:43.346 +01:00 [INF] Request finished HTTP/2 GET https://localhost:7210/_framework/aspnetcore-browser-refresh.js - - - 200 16515 application/javascript;+charset=utf-8 34.8196ms
2026-01-26 17:57:43.502 +01:00 [INF] Request starting HTTP/2 GET https://localhost:7210/swagger/v1/swagger.json - -
2026-01-26 17:57:43.564 +01:00 [INF] Request finished HTTP/2 GET https://localhost:7210/swagger/v1/swagger.json - - - 200 - application/json;charset=utf-8 61.5909ms
2026-01-26 17:57:43.669 +01:00 [INF] Request finished HTTP/2 GET https://localhost:7210/swagger/index.html - - - 200 - text/html;charset=utf-8 359.1026ms
2026-01-26 17:57:43.673 +01:00 [INF] Request starting HTTP/2 GET https://localhost:7210/_framework/aspnetcore-browser-refresh.js - -
2026-01-26 17:57:43.675 +01:00 [INF] Request finished HTTP/2 GET https://localhost:7210/_framework/aspnetcore-browser-refresh.js - - - 200 16515 application/javascript;+charset=utf-8 1.9331ms
2026-01-26 17:57:43.677 +01:00 [INF] Request starting HTTP/2 GET https://localhost:7210/_vs/browserLink - -
2026-01-26 17:57:43.747 +01:00 [INF] Request finished HTTP/2 GET https://localhost:7210/_vs/browserLink - - - 200 - text/javascript;+charset=UTF-8 70.3016ms
2026-01-26 17:57:43.782 +01:00 [INF] Request starting HTTP/2 GET https://localhost:7210/swagger/v1/swagger.json - -
2026-01-26 17:57:43.794 +01:00 [INF] Request finished HTTP/2 GET https://localhost:7210/swagger/v1/swagger.json - - - 200 - application/json;charset=utf-8 12.2980ms
2026-01-26 17:59:23.252 +01:00 [INF] Request starting HTTP/2 POST https://localhost:7210/api/auth/login application/json 69
2026-01-26 17:59:23.271 +01:00 [INF] ➡️ POST /api/auth/login appelé par Anonyme
2026-01-26 17:59:23.366 +01:00 [INF] Executing endpoint 'P7CreateRestApi.Controllers.AuthController.Login (P7CreateRestApi)'
2026-01-26 17:59:23.400 +01:00 [INF] Route matched with {action = "Login", controller = "Auth"}. Executing controller action with signature System.Threading.Tasks.Task`1[Microsoft.AspNetCore.Mvc.IActionResult] Login(P7CreateRestApi.Dto.Login.LoginRequestDto) on controller P7CreateRestApi.Controllers.AuthController (P7CreateRestApi).
2026-01-26 17:59:23.588 +01:00 [INF] Entity Framework Core 6.0.16 initialized 'LocalDbContext' using provider 'Microsoft.EntityFrameworkCore.SqlServer:6.0.16' with options: None
2026-01-26 17:59:23.596 +01:00 [INF] Executed DbCommand (4ms) [Parameters=[@__normalizedEmail_0='?' (Size = 256)], CommandType='"Text"', CommandTimeout='30']
SELECT TOP(2) [a].[Id], [a].[AccessFailedCount], [a].[ConcurrencyStamp], [a].[Email], [a].[EmailConfirmed], [a].[FullName], [a].[LockoutEnabled], [a].[LockoutEnd], [a].[NormalizedEmail], [a].[NormalizedUserName], [a].[PasswordHash], [a].[PhoneNumber], [a].[PhoneNumberConfirmed], [a].[SecurityStamp], [a].[TwoFactorEnabled], [a].[UserName]
FROM [AspNetUsers] AS [a]
WHERE [a].[NormalizedEmail] = @__normalizedEmail_0
2026-01-26 17:59:23.727 +01:00 [INF] Executed DbCommand (4ms) [Parameters=[@__userId_0='?' (Size = 450)], CommandType='"Text"', CommandTimeout='30']
SELECT [a0].[Name]
FROM [AspNetUserRoles] AS [a]
INNER JOIN [AspNetRoles] AS [a0] ON [a].[RoleId] = [a0].[Id]
WHERE [a].[UserId] = @__userId_0
2026-01-26 17:59:23.960 +01:00 [INF] Executing OkObjectResult, writing value of type 'P7CreateRestApi.Dto.Login.LoginResponseDto'.
2026-01-26 17:59:23.981 +01:00 [INF] Executed action P7CreateRestApi.Controllers.AuthController.Login (P7CreateRestApi) in 573.0619ms
2026-01-26 17:59:23.987 +01:00 [INF] Executed endpoint 'P7CreateRestApi.Controllers.AuthController.Login (P7CreateRestApi)'
2026-01-26 17:59:23.989 +01:00 [INF] ⬅️ POST /api/auth/login terminé avec statut 200 (721 ms)
2026-01-26 17:59:23.999 +01:00 [INF] Request finished HTTP/2 POST https://localhost:7210/api/auth/login application/json 69 - 200 - application/json;+charset=utf-8 747.3531ms
2026-01-26 17:59:48.232 +01:00 [INF] Request starting HTTP/2 GET https://localhost:7210/api/Bid - -
2026-01-26 17:59:48.240 +01:00 [INF] ➡️ GET /api/Bid appelé par Anonyme
2026-01-26 17:59:48.323 +01:00 [INF] Executing endpoint 'Dot.Net.WebApi.Controllers.BidController.GetAll (P7CreateRestApi)'
2026-01-26 17:59:48.327 +01:00 [INF] Route matched with {action = "GetAll", controller = "Bid"}. Executing controller action with signature System.Threading.Tasks.Task`1[Microsoft.AspNetCore.Mvc.IActionResult] GetAll() on controller Dot.Net.WebApi.Controllers.BidController (P7CreateRestApi).
2026-01-26 17:59:48.339 +01:00 [INF] Entity Framework Core 6.0.16 initialized 'LocalDbContext' using provider 'Microsoft.EntityFrameworkCore.SqlServer:6.0.16' with options: None
2026-01-26 17:59:48.368 +01:00 [INF] Executed DbCommand (12ms) [Parameters=[], CommandType='"Text"', CommandTimeout='30']
SELECT [b].[Id], [b].[Account], [b].[Ask], [b].[AskQuantity], [b].[Benchmark], [b].[BidListDate], [b].[BidQuantity], [b].[BidSecurity], [b].[BidStatus], [b].[BidType], [b].[BidValue], [b].[Book], [b].[Commentary], [b].[CreationDate], [b].[CreationName], [b].[DealName], [b].[DealType], [b].[RevisionDate], [b].[RevisionName], [b].[Side], [b].[SourceListId], [b].[Trader]
FROM [Bids] AS [b]
2026-01-26 17:59:48.371 +01:00 [INF] Executing OkObjectResult, writing value of type 'System.Collections.Generic.List`1[[P7CreateRestApi.Domain.Bid, P7CreateRestApi, Version=1.0.0.0, Culture=neutral, PublicKeyToken=null]]'.
2026-01-26 17:59:48.385 +01:00 [INF] Executed action Dot.Net.WebApi.Controllers.BidController.GetAll (P7CreateRestApi) in 56.5056ms
2026-01-26 17:59:48.391 +01:00 [INF] Executed endpoint 'Dot.Net.WebApi.Controllers.BidController.GetAll (P7CreateRestApi)'
2026-01-26 17:59:48.393 +01:00 [INF] ⬅️ GET /api/Bid terminé avec statut 200 (152 ms)
2026-01-26 17:59:48.395 +01:00 [INF] Request finished HTTP/2 GET https://localhost:7210/api/Bid - - - 200 - application/json;+charset=utf-8 163.0848ms
2026-01-26 18:00:17.274 +01:00 [INF] Request starting HTTP/2 POST https://localhost:7210/api/Bid application/json 70
2026-01-26 18:00:17.278 +01:00 [INF] ➡️ POST /api/Bid appelé par Anonyme
2026-01-26 18:00:17.286 +01:00 [INF] Executing endpoint 'Dot.Net.WebApi.Controllers.BidController.Create (P7CreateRestApi)'
2026-01-26 18:00:17.291 +01:00 [INF] Route matched with {action = "Create", controller = "Bid"}. Executing controller action with signature System.Threading.Tasks.Task`1[Microsoft.AspNetCore.Mvc.IActionResult] Create(P7CreateRestApi.Dto.Bid.CreateBidDto) on controller Dot.Net.WebApi.Controllers.BidController (P7CreateRestApi).
2026-01-26 18:00:17.302 +01:00 [INF] Entity Framework Core 6.0.16 initialized 'LocalDbContext' using provider 'Microsoft.EntityFrameworkCore.SqlServer:6.0.16' with options: None
2026-01-26 18:00:17.526 +01:00 [ERR] Failed executing DbCommand (21ms) [Parameters=[@p0='?' (Size = 4000), @p1='?' (DbType = Double), @p2='?' (DbType = Double), @p3='?' (Size = 4000), @p4='?' (DbType = DateTime2), @p5='?' (DbType = Double), @p6='?' (Size = 4000), @p7='?' (Size = 4000), @p8='?' (Size = 4000), @p9='?' (DbType = Double), @p10='?' (Size = 4000), @p11='?' (Size = 4000), @p12='?' (DbType = DateTime2), @p13='?' (Size = 4000), @p14='?' (Size = 4000), @p15='?' (Size = 4000), @p16='?' (DbType = DateTime2), @p17='?' (Size = 4000), @p18='?' (Size = 4000), @p19='?' (Size = 4000), @p20='?' (Size = 4000)], CommandType='"Text"', CommandTimeout='30']
SET NOCOUNT ON;
INSERT INTO [Bids] ([Account], [Ask], [AskQuantity], [Benchmark], [BidListDate], [BidQuantity], [BidSecurity], [BidStatus], [BidType], [BidValue], [Book], [Commentary], [CreationDate], [CreationName], [DealName], [DealType], [RevisionDate], [RevisionName], [Side], [SourceListId], [Trader])
VALUES (@p0, @p1, @p2, @p3, @p4, @p5, @p6, @p7, @p8, @p9, @p10, @p11, @p12, @p13, @p14, @p15, @p16, @p17, @p18, @p19, @p20);
SELECT [Id]
FROM [Bids]
WHERE @@ROWCOUNT = 1 AND [Id] = scope_identity();
2026-01-26 18:00:17.599 +01:00 [ERR] An exception occurred in the database while saving changes for context type 'P7CreateRestApi.Data.LocalDbContext'.
Microsoft.EntityFrameworkCore.DbUpdateException: An error occurred while saving the entity changes. See the inner exception for details.
 ---> Microsoft.Data.SqlClient.SqlException (0x80131904): Impossible d'insérer la valeur NULL dans la colonne 'Benchmark', table 'FindexiumDb.dbo.Bids'. Cette colonne n'accepte pas les valeurs NULL. Échec de INSERT.
L'instruction a été arrêtée.
   at Microsoft.Data.SqlClient.SqlCommand.<>c.<ExecuteDbDataReaderAsync>b__188_0(Task`1 result)
   at System.Threading.Tasks.ContinuationResultTaskFromResultTask`2.InnerInvoke()
   at System.Threading.Tasks.Task.<>c.<.cctor>b__272_0(Object obj)
   at System.Threading.ExecutionContext.RunInternal(ExecutionContext executionContext, ContextCallback callback, Object state)
--- End of stack trace from previous location ---
   at System.Threading.ExecutionContext.RunInternal(ExecutionContext executionContext, ContextCallback callback, Object state)
   at System.Threading.Tasks.Task.ExecuteWithThreadLocal(Task& currentTaskSlot, Thread threadPoolThread)
--- End of stack trace from previous location ---
   at Microsoft.EntityFrameworkCore.Storage.RelationalCommand.ExecuteReaderAsync(RelationalCommandParameterObject parameterObject, CancellationToken cancellationToken)
   at Microsoft.EntityFrameworkCore.Storage.RelationalCommand.ExecuteReaderAsync(RelationalCommandParameterObject parameterObject, CancellationToken cancellationToken)
   at Microsoft.EntityFrameworkCore.Update.ReaderModificationCommandBatch.ExecuteAsync(IRelationalConnection connection, CancellationToken cancellationToken)
ClientConnectionId:ecd37470-5967-46a2-ad12-d01a43d5bd38
Error Number:515,State:2,Class:16
   --- End of inner exception stack trace ---
   at Microsoft.EntityFrameworkCore.Update.ReaderModificationCommandBatch.ExecuteAsync(IRelationalConnection connection, CancellationToken cancellationToken)
   at Microsoft.EntityFrameworkCore.Update.Internal.BatchExecutor.ExecuteAsync(IEnumerable`1 commandBatches, IRelationalConnection connection, CancellationToken cancellationToken)
   at Microsoft.EntityFrameworkCore.Update.Internal.BatchExecutor.ExecuteAsync(IEnumerable`1 commandBatches, IRelationalConnection connection, CancellationToken cancellationToken)
   at Microsoft.EntityFrameworkCore.Update.Internal.BatchExecutor.ExecuteAsync(IEnumerable`1 commandBatches, IRelationalConnection connection, CancellationToken cancellationToken)
   at Microsoft.EntityFrameworkCore.ChangeTracking.Internal.StateManager.SaveChangesAsync(IList`1 entriesToSave, CancellationToken cancellationToken)
   at Microsoft.EntityFrameworkCore.ChangeTracking.Internal.StateManager.SaveChangesAsync(StateManager stateManager, Boolean acceptAllChangesOnSuccess, CancellationToken cancellationToken)
   at Microsoft.EntityFrameworkCore.SqlServer.Storage.Internal.SqlServerExecutionStrategy.ExecuteAsync[TState,TResult](TState state, Func`4 operation, Func`4 verifySucceeded, CancellationToken cancellationToken)
   at Microsoft.EntityFrameworkCore.DbContext.SaveChangesAsync(Boolean acceptAllChangesOnSuccess, CancellationToken cancellationToken)
Microsoft.EntityFrameworkCore.DbUpdateException: An error occurred while saving the entity changes. See the inner exception for details.
 ---> Microsoft.Data.SqlClient.SqlException (0x80131904): Impossible d'insérer la valeur NULL dans la colonne 'Benchmark', table 'FindexiumDb.dbo.Bids'. Cette colonne n'accepte pas les valeurs NULL. Échec de INSERT.
L'instruction a été arrêtée.
   at Microsoft.Data.SqlClient.SqlCommand.<>c.<ExecuteDbDataReaderAsync>b__188_0(Task`1 result)
   at System.Threading.Tasks.ContinuationResultTaskFromResultTask`2.InnerInvoke()
   at System.Threading.Tasks.Task.<>c.<.cctor>b__272_0(Object obj)
   at System.Threading.ExecutionContext.RunInternal(ExecutionContext executionContext, ContextCallback callback, Object state)
--- End of stack trace from previous location ---
   at System.Threading.ExecutionContext.RunInternal(ExecutionContext executionContext, ContextCallback callback, Object state)
   at System.Threading.Tasks.Task.ExecuteWithThreadLocal(Task& currentTaskSlot, Thread threadPoolThread)
--- End of stack trace from previous location ---
   at Microsoft.EntityFrameworkCore.Storage.RelationalCommand.ExecuteReaderAsync(RelationalCommandParameterObject parameterObject, CancellationToken cancellationToken)
   at Microsoft.EntityFrameworkCore.Storage.RelationalCommand.ExecuteReaderAsync(RelationalCommandParameterObject parameterObject, CancellationToken cancellationToken)
   at Microsoft.EntityFrameworkCore.Update.ReaderModificationCommandBatch.ExecuteAsync(IRelationalConnection connection, CancellationToken cancellationToken)
ClientConnectionId:ecd37470-5967-46a2-ad12-d01a43d5bd38
Error Number:515,State:2,Class:16
   --- End of inner exception stack trace ---
   at Microsoft.EntityFrameworkCore.Update.ReaderModificationCommandBatch.ExecuteAsync(IRelationalConnection connection, CancellationToken cancellationToken)
   at Microsoft.EntityFrameworkCore.Update.Internal.BatchExecutor.ExecuteAsync(IEnumerable`1 commandBatches, IRelationalConnection connection, CancellationToken cancellationToken)
   at Microsoft.EntityFrameworkCore.Update.Internal.BatchExecutor.ExecuteAsync(IEnumerable`1 commandBatches, IRelationalConnection connection, CancellationToken cancellationToken)
   at Microsoft.EntityFrameworkCore.Update.Internal.BatchExecutor.ExecuteAsync(IEnumerable`1 commandBatches, IRelationalConnection connection, CancellationToken cancellationToken)
   at Microsoft.EntityFrameworkCore.ChangeTracking.Internal.StateManager.SaveChangesAsync(IList`1 entriesToSave, CancellationToken cancellationToken)
   at Microsoft.EntityFrameworkCore.ChangeTracking.Internal.StateManager.SaveChangesAsync(StateManager stateManager, Boolean acceptAllChangesOnSuccess, CancellationToken cancellationToken)
   at Microsoft.EntityFrameworkCore.SqlServer.Storage.Internal.SqlServerExecutionStrategy.ExecuteAsync[TState,TResult](TState state, Func`4 operation, Func`4 verifySucceeded, CancellationToken cancellationToken)
   at Microsoft.EntityFrameworkCore.DbContext.SaveChangesAsync(Boolean acceptAllChangesOnSuccess, CancellationToken cancellationToken)
2026-01-26 18:00:17.685 +01:00 [INF] Executed action Dot.Net.WebApi.Controllers.BidController.Create (P7CreateRestApi) in 392.1718ms
2026-01-26 18:00:17.687 +01:00 [INF] Executed endpoint 'Dot.Net.WebApi.Controllers.BidController.Create (P7CreateRestApi)'
2026-01-26 18:00:17.756 +01:00 [ERR] An unhandled exception has occurred while executing the request.
Microsoft.EntityFrameworkCore.DbUpdateException: An error occurred while saving the entity changes. See the inner exception for details.
 ---> Microsoft.Data.SqlClient.SqlException (0x80131904): Impossible d'insérer la valeur NULL dans la colonne 'Benchmark', table 'FindexiumDb.dbo.Bids'. Cette colonne n'accepte pas les valeurs NULL. Échec de INSERT.
L'instruction a été arrêtée.
   at Microsoft.Data.SqlClient.SqlCommand.<>c.<ExecuteDbDataReaderAsync>b__188_0(Task`1 result)
   at System.Threading.Tasks.ContinuationResultTaskFromResultTask`2.InnerInvoke()
   at System.Threading.Tasks.Task.<>c.<.cctor>b__272_0(Object obj)
   at System.Threading.ExecutionContext.RunInternal(ExecutionContext executionContext, ContextCallback callback, Object state)
--- End of stack trace from previous location ---
   at System.Threading.ExecutionContext.RunInternal(ExecutionContext executionContext, ContextCallback callback, Object state)
   at System.Threading.Tasks.Task.ExecuteWithThreadLocal(Task& currentTaskSlot, Thread threadPoolThread)
--- End of stack trace from previous location ---
   at Microsoft.EntityFrameworkCore.Storage.RelationalCommand.ExecuteReaderAsync(RelationalCommandParameterObject parameterObject, CancellationToken cancellationToken)
   at Microsoft.EntityFrameworkCore.Storage.RelationalCommand.ExecuteReaderAsync(RelationalCommandParameterObject parameterObject, CancellationToken cancellationToken)
   at Microsoft.EntityFrameworkCore.Update.ReaderModificationCommandBatch.ExecuteAsync(IRelationalConnection connection, CancellationToken cancellationToken)
ClientConnectionId:ecd37470-5967-46a2-ad12-d01a43d5bd38
Error Number:515,State:2,Class:16
   --- End of inner exception stack trace ---
   at Microsoft.EntityFrameworkCore.Update.ReaderModificationCommandBatch.ExecuteAsync(IRelationalConnection connection, CancellationToken cancellationToken)
   at Microsoft.EntityFrameworkCore.Update.Internal.BatchExecutor.ExecuteAsync(IEnumerable`1 commandBatches, IRelationalConnection connection, CancellationToken cancellationToken)
   at Microsoft.EntityFrameworkCore.Update.Internal.BatchExecutor.ExecuteAsync(IEnumerable`1 commandBatches, IRelationalConnection connection, CancellationToken cancellationToken)
   at Microsoft.EntityFrameworkCore.Update.Internal.BatchExecutor.ExecuteAsync(IEnumerable`1 commandBatches, IRelationalConnection connection, CancellationToken cancellationToken)
   at Microsoft.EntityFrameworkCore.ChangeTracking.Internal.StateManager.SaveChangesAsync(IList`1 entriesToSave, CancellationToken cancellationToken)
   at Microsoft.EntityFrameworkCore.ChangeTracking.Internal.StateManager.SaveChangesAsync(StateManager stateManager, Boolean acceptAllChangesOnSuccess, CancellationToken cancellationToken)
   at Microsoft.EntityFrameworkCore.SqlServer.Storage.Internal.SqlServerExecutionStrategy.ExecuteAsync[TState,TResult](TState state, Func`4 operation, Func`4 verifySucceeded, CancellationToken cancellationToken)
   at Microsoft.EntityFrameworkCore.DbContext.SaveChangesAsync(Boolean acceptAllChangesOnSuccess, CancellationToken cancellationToken)
   at Microsoft.EntityFrameworkCore.DbContext.SaveChangesAsync(Boolean acceptAllChangesOnSuccess, CancellationToken cancellationToken)
   at P7CreateRestApi.Repositories.BidRepository.AddAsync(Bid bid) in C:\Repos\OPENCLASSROOM\p7\P7CreateRestApi\Repositories\BidRepository.cs:line 31
   at Dot.Net.WebApi.Controllers.BidController.Create(CreateBidDto dto) in C:\Repos\OPENCLASSROOM\p7\P7CreateRestApi\Controllers\BidController.cs:line 66
   at Microsoft.AspNetCore.Mvc.Infrastructure.ActionMethodExecutor.TaskOfIActionResultExecutor.Execute(IActionResultTypeMapper mapper, ObjectMethodExecutor executor, Object controller, Object[] arguments)
   at Microsoft.AspNetCore.Mvc.Infrastructure.ControllerActionInvoker.<InvokeActionMethodAsync>g__Awaited|12_0(ControllerActionInvoker invoker, ValueTask`1 actionResultValueTask)
   at Microsoft.AspNetCore.Mvc.Infrastructure.ControllerActionInvoker.<InvokeNextActionFilterAsync>g__Awaited|10_0(ControllerActionInvoker invoker, Task lastTask, State next, Scope scope, Object state, Boolean isCompleted)
   at Microsoft.AspNetCore.Mvc.Infrastructure.ControllerActionInvoker.Rethrow(ActionExecutedContextSealed context)
   at Microsoft.AspNetCore.Mvc.Infrastructure.ControllerActionInvoker.Next(State& next, Scope& scope, Object& state, Boolean& isCompleted)
   at Microsoft.AspNetCore.Mvc.Infrastructure.ControllerActionInvoker.<InvokeInnerFilterAsync>g__Awaited|13_0(ControllerActionInvoker invoker, Task lastTask, State next, Scope scope, Object state, Boolean isCompleted)
   at Microsoft.AspNetCore.Mvc.Infrastructure.ResourceInvoker.<InvokeFilterPipelineAsync>g__Awaited|20_0(ResourceInvoker invoker, Task lastTask, State next, Scope scope, Object state, Boolean isCompleted)
   at Microsoft.AspNetCore.Mvc.Infrastructure.ResourceInvoker.<InvokeAsync>g__Logged|17_1(ResourceInvoker invoker)
   at Microsoft.AspNetCore.Mvc.Infrastructure.ResourceInvoker.<InvokeAsync>g__Logged|17_1(ResourceInvoker invoker)
   at Microsoft.AspNetCore.Routing.EndpointMiddleware.<Invoke>g__AwaitRequestTask|6_0(Endpoint endpoint, Task requestTask, ILogger logger)
   at Microsoft.AspNetCore.Authorization.Policy.AuthorizationMiddlewareResultHandler.HandleAsync(RequestDelegate next, HttpContext context, AuthorizationPolicy policy, PolicyAuthorizationResult authorizeResult)
   at Microsoft.AspNetCore.Authorization.AuthorizationMiddleware.Invoke(HttpContext context)
   at Microsoft.AspNetCore.Authentication.AuthenticationMiddleware.Invoke(HttpContext context)
   at P7CreateRestApi.Middlewares.RequestLoggingMiddleware.InvokeAsync(HttpContext context) in C:\Repos\OPENCLASSROOM\p7\P7CreateRestApi\Middlewares\RequesLoggingMiddleware.cs:line 24
   at Swashbuckle.AspNetCore.SwaggerUI.SwaggerUIMiddleware.Invoke(HttpContext httpContext)
   at Swashbuckle.AspNetCore.Swagger.SwaggerMiddleware.Invoke(HttpContext httpContext, ISwaggerProvider swaggerProvider)
   at Microsoft.AspNetCore.Diagnostics.DeveloperExceptionPageMiddleware.Invoke(HttpContext context)
2026-01-26 18:00:17.781 +01:00 [INF] Request finished HTTP/2 POST https://localhost:7210/api/Bid application/json 70 - 500 - text/plain;+charset=utf-8 507.0807ms
2026-01-26 18:12:48.257 +01:00 [INF] Entity Framework Core 6.0.16 initialized 'LocalDbContext' using provider 'Microsoft.EntityFrameworkCore.SqlServer:6.0.16' with options: None
2026-01-26 18:13:10.588 +01:00 [INF] Entity Framework Core 6.0.16 initialized 'LocalDbContext' using provider 'Microsoft.EntityFrameworkCore.SqlServer:6.0.16' with options: None
2026-01-26 18:13:10.989 +01:00 [INF] Executed DbCommand (9ms) [Parameters=[], CommandType='"Text"', CommandTimeout='30']
SELECT 1
2026-01-26 18:13:11.010 +01:00 [INF] Executed DbCommand (10ms) [Parameters=[], CommandType='"Text"', CommandTimeout='30']
SELECT OBJECT_ID(N'[__EFMigrationsHistory]');
2026-01-26 18:13:11.013 +01:00 [INF] Executed DbCommand (1ms) [Parameters=[], CommandType='"Text"', CommandTimeout='30']
SELECT 1
2026-01-26 18:13:11.013 +01:00 [INF] Executed DbCommand (0ms) [Parameters=[], CommandType='"Text"', CommandTimeout='30']
SELECT OBJECT_ID(N'[__EFMigrationsHistory]');
2026-01-26 18:13:11.032 +01:00 [INF] Executed DbCommand (8ms) [Parameters=[], CommandType='"Text"', CommandTimeout='30']
SELECT [MigrationId], [ProductVersion]
FROM [__EFMigrationsHistory]
ORDER BY [MigrationId];
2026-01-26 18:13:11.043 +01:00 [INF] Applying migration '20260126171248_setnullablefield'.
2026-01-26 18:13:11.197 +01:00 [INF] Executed DbCommand (115ms) [Parameters=[], CommandType='"Text"', CommandTimeout='30']
DECLARE @var0 sysname;
SELECT @var0 = [d].[name]
FROM [sys].[default_constraints] [d]
INNER JOIN [sys].[columns] [c] ON [d].[parent_column_id] = [c].[column_id] AND [d].[parent_object_id] = [c].[object_id]
WHERE ([d].[parent_object_id] = OBJECT_ID(N'[CurvePoints]') AND [c].[name] = N'Term');
IF @var0 IS NOT NULL EXEC(N'ALTER TABLE [CurvePoints] DROP CONSTRAINT [' + @var0 + '];');
ALTER TABLE [CurvePoints] ALTER COLUMN [Term] float NOT NULL;
ALTER TABLE [CurvePoints] ADD DEFAULT 0.0E0 FOR [Term];
2026-01-26 18:13:11.215 +01:00 [INF] Executed DbCommand (17ms) [Parameters=[], CommandType='"Text"', CommandTimeout='30']
DECLARE @var1 sysname;
SELECT @var1 = [d].[name]
FROM [sys].[default_constraints] [d]
INNER JOIN [sys].[columns] [c] ON [d].[parent_column_id] = [c].[column_id] AND [d].[parent_object_id] = [c].[object_id]
WHERE ([d].[parent_object_id] = OBJECT_ID(N'[CurvePoints]') AND [c].[name] = N'CurvePointValue');
IF @var1 IS NOT NULL EXEC(N'ALTER TABLE [CurvePoints] DROP CONSTRAINT [' + @var1 + '];');
ALTER TABLE [CurvePoints] ALTER COLUMN [CurvePointValue] float NOT NULL;
ALTER TABLE [CurvePoints] ADD DEFAULT 0.0E0 FOR [CurvePointValue];
2026-01-26 18:13:11.232 +01:00 [INF] Executed DbCommand (16ms) [Parameters=[], CommandType='"Text"', CommandTimeout='30']
DECLARE @var2 sysname;
SELECT @var2 = [d].[name]
FROM [sys].[default_constraints] [d]
INNER JOIN [sys].[columns] [c] ON [d].[parent_column_id] = [c].[column_id] AND [d].[parent_object_id] = [c].[object_id]
WHERE ([d].[parent_object_id] = OBJECT_ID(N'[CurvePoints]') AND [c].[name] = N'CurveId');
IF @var2 IS NOT NULL EXEC(N'ALTER TABLE [CurvePoints] DROP CONSTRAINT [' + @var2 + '];');
ALTER TABLE [CurvePoints] ALTER COLUMN [CurveId] tinyint NOT NULL;
ALTER TABLE [CurvePoints] ADD DEFAULT CAST(0 AS tinyint) FOR [CurveId];
2026-01-26 18:13:11.252 +01:00 [INF] Executed DbCommand (19ms) [Parameters=[], CommandType='"Text"', CommandTimeout='30']
DECLARE @var3 sysname;
SELECT @var3 = [d].[name]
FROM [sys].[default_constraints] [d]
INNER JOIN [sys].[columns] [c] ON [d].[parent_column_id] = [c].[column_id] AND [d].[parent_object_id] = [c].[object_id]
WHERE ([d].[parent_object_id] = OBJECT_ID(N'[Bids]') AND [c].[name] = N'SourceListId');
IF @var3 IS NOT NULL EXEC(N'ALTER TABLE [Bids] DROP CONSTRAINT [' + @var3 + '];');
ALTER TABLE [Bids] ALTER COLUMN [SourceListId] nvarchar(max) NULL;
2026-01-26 18:13:11.265 +01:00 [INF] Executed DbCommand (12ms) [Parameters=[], CommandType='"Text"', CommandTimeout='30']
DECLARE @var4 sysname;
SELECT @var4 = [d].[name]
FROM [sys].[default_constraints] [d]
INNER JOIN [sys].[columns] [c] ON [d].[parent_column_id] = [c].[column_id] AND [d].[parent_object_id] = [c].[object_id]
WHERE ([d].[parent_object_id] = OBJECT_ID(N'[Bids]') AND [c].[name] = N'RevisionName');
IF @var4 IS NOT NULL EXEC(N'ALTER TABLE [Bids] DROP CONSTRAINT [' + @var4 + '];');
ALTER TABLE [Bids] ALTER COLUMN [RevisionName] nvarchar(max) NULL;
2026-01-26 18:13:11.282 +01:00 [INF] Executed DbCommand (16ms) [Parameters=[], CommandType='"Text"', CommandTimeout='30']
DECLARE @var5 sysname;
SELECT @var5 = [d].[name]
FROM [sys].[default_constraints] [d]
INNER JOIN [sys].[columns] [c] ON [d].[parent_column_id] = [c].[column_id] AND [d].[parent_object_id] = [c].[object_id]
WHERE ([d].[parent_object_id] = OBJECT_ID(N'[Bids]') AND [c].[name] = N'DealName');
IF @var5 IS NOT NULL EXEC(N'ALTER TABLE [Bids] DROP CONSTRAINT [' + @var5 + '];');
ALTER TABLE [Bids] ALTER COLUMN [DealName] nvarchar(max) NULL;
2026-01-26 18:13:11.296 +01:00 [INF] Executed DbCommand (14ms) [Parameters=[], CommandType='"Text"', CommandTimeout='30']
DECLARE @var6 sysname;
SELECT @var6 = [d].[name]
FROM [sys].[default_constraints] [d]
INNER JOIN [sys].[columns] [c] ON [d].[parent_column_id] = [c].[column_id] AND [d].[parent_object_id] = [c].[object_id]
WHERE ([d].[parent_object_id] = OBJECT_ID(N'[Bids]') AND [c].[name] = N'CreationName');
IF @var6 IS NOT NULL EXEC(N'ALTER TABLE [Bids] DROP CONSTRAINT [' + @var6 + '];');
ALTER TABLE [Bids] ALTER COLUMN [CreationName] nvarchar(max) NULL;
2026-01-26 18:13:11.311 +01:00 [INF] Executed DbCommand (15ms) [Parameters=[], CommandType='"Text"', CommandTimeout='30']
DECLARE @var7 sysname;
SELECT @var7 = [d].[name]
FROM [sys].[default_constraints] [d]
INNER JOIN [sys].[columns] [c] ON [d].[parent_column_id] = [c].[column_id] AND [d].[parent_object_id] = [c].[object_id]
WHERE ([d].[parent_object_id] = OBJECT_ID(N'[Bids]') AND [c].[name] = N'Commentary');
IF @var7 IS NOT NULL EXEC(N'ALTER TABLE [Bids] DROP CONSTRAINT [' + @var7 + '];');
ALTER TABLE [Bids] ALTER COLUMN [Commentary] nvarchar(max) NULL;
2026-01-26 18:13:11.323 +01:00 [INF] Executed DbCommand (12ms) [Parameters=[], CommandType='"Text"', CommandTimeout='30']
DECLARE @var8 sysname;
SELECT @var8 = [d].[name]
FROM [sys].[default_constraints] [d]
INNER JOIN [sys].[columns] [c] ON [d].[parent_column_id] = [c].[column_id] AND [d].[parent_object_id] = [c].[object_id]
WHERE ([d].[parent_object_id] = OBJECT_ID(N'[Bids]') AND [c].[name] = N'Book');
IF @var8 IS NOT NULL EXEC(N'ALTER TABLE [Bids] DROP CONSTRAINT [' + @var8 + '];');
ALTER TABLE [Bids] ALTER COLUMN [Book] nvarchar(max) NULL;
2026-01-26 18:13:11.338 +01:00 [INF] Executed DbCommand (14ms) [Parameters=[], CommandType='"Text"', CommandTimeout='30']
DECLARE @var9 sysname;
SELECT @var9 = [d].[name]
FROM [sys].[default_constraints] [d]
INNER JOIN [sys].[columns] [c] ON [d].[parent_column_id] = [c].[column_id] AND [d].[parent_object_id] = [c].[object_id]
WHERE ([d].[parent_object_id] = OBJECT_ID(N'[Bids]') AND [c].[name] = N'BidStatus');
IF @var9 IS NOT NULL EXEC(N'ALTER TABLE [Bids] DROP CONSTRAINT [' + @var9 + '];');
ALTER TABLE [Bids] ALTER COLUMN [BidStatus] nvarchar(max) NULL;
2026-01-26 18:13:11.353 +01:00 [INF] Executed DbCommand (15ms) [Parameters=[], CommandType='"Text"', CommandTimeout='30']
DECLARE @var10 sysname;
SELECT @var10 = [d].[name]
FROM [sys].[default_constraints] [d]
INNER JOIN [sys].[columns] [c] ON [d].[parent_column_id] = [c].[column_id] AND [d].[parent_object_id] = [c].[object_id]
WHERE ([d].[parent_object_id] = OBJECT_ID(N'[Bids]') AND [c].[name] = N'BidSecurity');
IF @var10 IS NOT NULL EXEC(N'ALTER TABLE [Bids] DROP CONSTRAINT [' + @var10 + '];');
ALTER TABLE [Bids] ALTER COLUMN [BidSecurity] nvarchar(max) NULL;
2026-01-26 18:13:11.370 +01:00 [INF] Executed DbCommand (16ms) [Parameters=[], CommandType='"Text"', CommandTimeout='30']
DECLARE @var11 sysname;
SELECT @var11 = [d].[name]
FROM [sys].[default_constraints] [d]
INNER JOIN [sys].[columns] [c] ON [d].[parent_column_id] = [c].[column_id] AND [d].[parent_object_id] = [c].[object_id]
WHERE ([d].[parent_object_id] = OBJECT_ID(N'[Bids]') AND [c].[name] = N'BidQuantity');
IF @var11 IS NOT NULL EXEC(N'ALTER TABLE [Bids] DROP CONSTRAINT [' + @var11 + '];');
ALTER TABLE [Bids] ALTER COLUMN [BidQuantity] float NOT NULL;
ALTER TABLE [Bids] ADD DEFAULT 0.0E0 FOR [BidQuantity];
2026-01-26 18:13:11.384 +01:00 [INF] Executed DbCommand (14ms) [Parameters=[], CommandType='"Text"', CommandTimeout='30']
DECLARE @var12 sysname;
SELECT @var12 = [d].[name]
FROM [sys].[default_constraints] [d]
INNER JOIN [sys].[columns] [c] ON [d].[parent_column_id] = [c].[column_id] AND [d].[parent_object_id] = [c].[object_id]
WHERE ([d].[parent_object_id] = OBJECT_ID(N'[Bids]') AND [c].[name] = N'Benchmark');
IF @var12 IS NOT NULL EXEC(N'ALTER TABLE [Bids] DROP CONSTRAINT [' + @var12 + '];');
ALTER TABLE [Bids] ALTER COLUMN [Benchmark] nvarchar(max) NULL;
2026-01-26 18:13:11.404 +01:00 [INF] Executed DbCommand (19ms) [Parameters=[], CommandType='"Text"', CommandTimeout='30']
DECLARE @var13 sysname;
SELECT @var13 = [d].[name]
FROM [sys].[default_constraints] [d]
INNER JOIN [sys].[columns] [c] ON [d].[parent_column_id] = [c].[column_id] AND [d].[parent_object_id] = [c].[object_id]
WHERE ([d].[parent_object_id] = OBJECT_ID(N'[Bids]') AND [c].[name] = N'Account');
IF @var13 IS NOT NULL EXEC(N'ALTER TABLE [Bids] DROP CONSTRAINT [' + @var13 + '];');
ALTER TABLE [Bids] ALTER COLUMN [Account] nvarchar(max) NOT NULL;
ALTER TABLE [Bids] ADD DEFAULT N'' FOR [Account];
2026-01-26 18:13:11.410 +01:00 [INF] Executed DbCommand (6ms) [Parameters=[], CommandType='"Text"', CommandTimeout='30']
INSERT INTO [__EFMigrationsHistory] ([MigrationId], [ProductVersion])
VALUES (N'20260126171248_setnullablefield', N'6.0.16');
2026-01-26 18:13:20.389 +01:00 [INF] User profile is available. Using 'C:\Users\michl\AppData\Local\ASP.NET\DataProtection-Keys' as key repository and Windows DPAPI to encrypt keys at rest.
2026-01-26 18:13:21.295 +01:00 [INF] Entity Framework Core 6.0.16 initialized 'LocalDbContext' using provider 'Microsoft.EntityFrameworkCore.SqlServer:6.0.16' with options: None
2026-01-26 18:13:22.339 +01:00 [INF] Executed DbCommand (88ms) [Parameters=[@__normalizedName_0='?' (Size = 256)], CommandType='"Text"', CommandTimeout='30']
SELECT TOP(1) [a].[Id], [a].[ConcurrencyStamp], [a].[Name], [a].[NormalizedName]
FROM [AspNetRoles] AS [a]
WHERE [a].[NormalizedName] = @__normalizedName_0
2026-01-26 18:13:22.480 +01:00 [INF] Executed DbCommand (4ms) [Parameters=[@__normalizedName_0='?' (Size = 256)], CommandType='"Text"', CommandTimeout='30']
SELECT TOP(1) [a].[Id], [a].[ConcurrencyStamp], [a].[Name], [a].[NormalizedName]
FROM [AspNetRoles] AS [a]
WHERE [a].[NormalizedName] = @__normalizedName_0
2026-01-26 18:13:22.497 +01:00 [INF] Executed DbCommand (5ms) [Parameters=[@__normalizedEmail_0='?' (Size = 256)], CommandType='"Text"', CommandTimeout='30']
SELECT TOP(2) [a].[Id], [a].[AccessFailedCount], [a].[ConcurrencyStamp], [a].[Email], [a].[EmailConfirmed], [a].[FullName], [a].[LockoutEnabled], [a].[LockoutEnd], [a].[NormalizedEmail], [a].[NormalizedUserName], [a].[PasswordHash], [a].[PhoneNumber], [a].[PhoneNumberConfirmed], [a].[SecurityStamp], [a].[TwoFactorEnabled], [a].[UserName]
FROM [AspNetUsers] AS [a]
WHERE [a].[NormalizedEmail] = @__normalizedEmail_0
2026-01-26 18:13:22.887 +01:00 [INF] Now listening on: https://localhost:7210
2026-01-26 18:13:22.889 +01:00 [INF] Now listening on: http://localhost:5267
2026-01-26 18:13:23.079 +01:00 [INF] Application started. Press Ctrl+C to shut down.
2026-01-26 18:13:23.081 +01:00 [INF] Hosting environment: Development
2026-01-26 18:13:23.082 +01:00 [INF] Content root path: C:\Repos\OPENCLASSROOM\p7\P7CreateRestApi\
2026-01-26 18:13:23.366 +01:00 [INF] Request starting HTTP/2 GET https://localhost:7210/swagger/index.html - -
2026-01-26 18:13:23.759 +01:00 [INF] Request finished HTTP/2 GET https://localhost:7210/swagger/index.html - - - 200 - text/html;charset=utf-8 400.0882ms
2026-01-26 18:13:23.763 +01:00 [INF] Request starting HTTP/2 GET https://localhost:7210/_framework/aspnetcore-browser-refresh.js - -
2026-01-26 18:13:23.765 +01:00 [INF] Request starting HTTP/2 GET https://localhost:7210/_vs/browserLink - -
2026-01-26 18:13:23.784 +01:00 [INF] Request finished HTTP/2 GET https://localhost:7210/_framework/aspnetcore-browser-refresh.js - - - 200 16515 application/javascript;+charset=utf-8 20.4057ms
2026-01-26 18:13:23.870 +01:00 [INF] Request finished HTTP/2 GET https://localhost:7210/_vs/browserLink - - - 200 - text/javascript;+charset=UTF-8 105.1036ms
2026-01-26 18:13:23.911 +01:00 [INF] Request starting HTTP/2 GET https://localhost:7210/swagger/v1/swagger.json - -
2026-01-26 18:13:23.929 +01:00 [INF] Request finished HTTP/2 GET https://localhost:7210/swagger/v1/swagger.json - - - 200 - application/json;charset=utf-8 17.5867ms
2026-01-26 18:19:57.111 +01:00 [INF] Request starting HTTP/2 POST https://localhost:7210/api/auth/login application/json 71
2026-01-26 18:19:57.129 +01:00 [INF] ➡️ POST /api/auth/login appelé par Anonyme
2026-01-26 18:19:57.221 +01:00 [INF] Executing endpoint 'P7CreateRestApi.Controllers.AuthController.Login (P7CreateRestApi)'
2026-01-26 18:19:57.253 +01:00 [INF] Route matched with {action = "Login", controller = "Auth"}. Executing controller action with signature System.Threading.Tasks.Task`1[Microsoft.AspNetCore.Mvc.IActionResult] Login(P7CreateRestApi.Dto.Login.LoginRequestDto) on controller P7CreateRestApi.Controllers.AuthController (P7CreateRestApi).
2026-01-26 18:19:57.367 +01:00 [INF] Executing BadRequestObjectResult, writing value of type 'Microsoft.AspNetCore.Mvc.ValidationProblemDetails'.
2026-01-26 18:19:57.384 +01:00 [INF] Executed action P7CreateRestApi.Controllers.AuthController.Login (P7CreateRestApi) in 124.6861ms
2026-01-26 18:19:57.387 +01:00 [INF] Executed endpoint 'P7CreateRestApi.Controllers.AuthController.Login (P7CreateRestApi)'
2026-01-26 18:19:57.388 +01:00 [INF] ⬅️ POST /api/auth/login terminé avec statut 400 (262 ms)
2026-01-26 18:19:57.398 +01:00 [INF] Request finished HTTP/2 POST https://localhost:7210/api/auth/login application/json 71 - 400 - application/problem+json;+charset=utf-8 286.2966ms
2026-01-26 18:21:08.400 +01:00 [INF] Request starting HTTP/2 POST https://localhost:7210/api/auth/login application/json 70
2026-01-26 18:21:08.415 +01:00 [INF] ➡️ POST /api/auth/login appelé par Anonyme
2026-01-26 18:21:08.417 +01:00 [INF] Executing endpoint 'P7CreateRestApi.Controllers.AuthController.Login (P7CreateRestApi)'
2026-01-26 18:21:08.418 +01:00 [INF] Route matched with {action = "Login", controller = "Auth"}. Executing controller action with signature System.Threading.Tasks.Task`1[Microsoft.AspNetCore.Mvc.IActionResult] Login(P7CreateRestApi.Dto.Login.LoginRequestDto) on controller P7CreateRestApi.Controllers.AuthController (P7CreateRestApi).
2026-01-26 18:21:08.429 +01:00 [INF] Executing BadRequestObjectResult, writing value of type 'Microsoft.AspNetCore.Mvc.ValidationProblemDetails'.
2026-01-26 18:21:08.431 +01:00 [INF] Executed action P7CreateRestApi.Controllers.AuthController.Login (P7CreateRestApi) in 11.2797ms
2026-01-26 18:21:08.433 +01:00 [INF] Executed endpoint 'P7CreateRestApi.Controllers.AuthController.Login (P7CreateRestApi)'
2026-01-26 18:21:08.434 +01:00 [INF] ⬅️ POST /api/auth/login terminé avec statut 400 (18 ms)
2026-01-26 18:21:08.436 +01:00 [INF] Request finished HTTP/2 POST https://localhost:7210/api/auth/login application/json 70 - 400 - application/problem+json;+charset=utf-8 35.2102ms
2026-01-26 18:21:48.926 +01:00 [INF] Request starting HTTP/2 POST https://localhost:7210/api/auth/login application/json 69
2026-01-26 18:21:48.932 +01:00 [INF] ➡️ POST /api/auth/login appelé par Anonyme
2026-01-26 18:21:48.944 +01:00 [INF] Executing endpoint 'P7CreateRestApi.Controllers.AuthController.Login (P7CreateRestApi)'
2026-01-26 18:21:48.945 +01:00 [INF] Route matched with {action = "Login", controller = "Auth"}. Executing controller action with signature System.Threading.Tasks.Task`1[Microsoft.AspNetCore.Mvc.IActionResult] Login(P7CreateRestApi.Dto.Login.LoginRequestDto) on controller P7CreateRestApi.Controllers.AuthController (P7CreateRestApi).
2026-01-26 18:21:48.992 +01:00 [INF] Entity Framework Core 6.0.16 initialized 'LocalDbContext' using provider 'Microsoft.EntityFrameworkCore.SqlServer:6.0.16' with options: None
2026-01-26 18:21:49.164 +01:00 [INF] Executed DbCommand (9ms) [Parameters=[@__normalizedEmail_0='?' (Size = 256)], CommandType='"Text"', CommandTimeout='30']
SELECT TOP(2) [a].[Id], [a].[AccessFailedCount], [a].[ConcurrencyStamp], [a].[Email], [a].[EmailConfirmed], [a].[FullName], [a].[LockoutEnabled], [a].[LockoutEnd], [a].[NormalizedEmail], [a].[NormalizedUserName], [a].[PasswordHash], [a].[PhoneNumber], [a].[PhoneNumberConfirmed], [a].[SecurityStamp], [a].[TwoFactorEnabled], [a].[UserName]
FROM [AspNetUsers] AS [a]
WHERE [a].[NormalizedEmail] = @__normalizedEmail_0
2026-01-26 18:21:49.275 +01:00 [INF] Executed DbCommand (6ms) [Parameters=[@__userId_0='?' (Size = 450)], CommandType='"Text"', CommandTimeout='30']
SELECT [a0].[Name]
FROM [AspNetUserRoles] AS [a]
INNER JOIN [AspNetRoles] AS [a0] ON [a].[RoleId] = [a0].[Id]
WHERE [a].[UserId] = @__userId_0
2026-01-26 18:21:49.441 +01:00 [INF] Executing OkObjectResult, writing value of type 'P7CreateRestApi.Dto.Login.LoginResponseDto'.
2026-01-26 18:21:49.451 +01:00 [INF] Executed action P7CreateRestApi.Controllers.AuthController.Login (P7CreateRestApi) in 504.4556ms
2026-01-26 18:21:49.455 +01:00 [INF] Executed endpoint 'P7CreateRestApi.Controllers.AuthController.Login (P7CreateRestApi)'
2026-01-26 18:21:49.457 +01:00 [INF] ⬅️ POST /api/auth/login terminé avec statut 200 (525 ms)
2026-01-26 18:21:49.464 +01:00 [INF] Request finished HTTP/2 POST https://localhost:7210/api/auth/login application/json 69 - 200 - application/json;+charset=utf-8 537.8898ms
2026-01-26 18:22:11.806 +01:00 [INF] Request starting HTTP/2 GET https://localhost:7210/api/Bid - -
2026-01-26 18:22:11.810 +01:00 [INF] ➡️ GET /api/Bid appelé par Anonyme
2026-01-26 18:22:11.891 +01:00 [INF] Executing endpoint 'Dot.Net.WebApi.Controllers.BidController.GetAll (P7CreateRestApi)'
2026-01-26 18:22:11.895 +01:00 [INF] Route matched with {action = "GetAll", controller = "Bid"}. Executing controller action with signature System.Threading.Tasks.Task`1[Microsoft.AspNetCore.Mvc.IActionResult] GetAll() on controller Dot.Net.WebApi.Controllers.BidController (P7CreateRestApi).
2026-01-26 18:22:11.906 +01:00 [INF] Entity Framework Core 6.0.16 initialized 'LocalDbContext' using provider 'Microsoft.EntityFrameworkCore.SqlServer:6.0.16' with options: None
2026-01-26 18:22:11.928 +01:00 [INF] Executed DbCommand (7ms) [Parameters=[], CommandType='"Text"', CommandTimeout='30']
SELECT [b].[Id], [b].[Account], [b].[Ask], [b].[AskQuantity], [b].[Benchmark], [b].[BidListDate], [b].[BidQuantity], [b].[BidSecurity], [b].[BidStatus], [b].[BidType], [b].[BidValue], [b].[Book], [b].[Commentary], [b].[CreationDate], [b].[CreationName], [b].[DealName], [b].[DealType], [b].[RevisionDate], [b].[RevisionName], [b].[Side], [b].[SourceListId], [b].[Trader]
FROM [Bids] AS [b]
2026-01-26 18:22:11.931 +01:00 [INF] Executing OkObjectResult, writing value of type 'System.Collections.Generic.List`1[[P7CreateRestApi.Domain.Bid, P7CreateRestApi, Version=1.0.0.0, Culture=neutral, PublicKeyToken=null]]'.
2026-01-26 18:22:11.946 +01:00 [INF] Executed action Dot.Net.WebApi.Controllers.BidController.GetAll (P7CreateRestApi) in 49.5157ms
2026-01-26 18:22:11.948 +01:00 [INF] Executed endpoint 'Dot.Net.WebApi.Controllers.BidController.GetAll (P7CreateRestApi)'
2026-01-26 18:22:11.954 +01:00 [INF] ⬅️ GET /api/Bid terminé avec statut 200 (143 ms)
2026-01-26 18:22:11.956 +01:00 [INF] Request finished HTTP/2 GET https://localhost:7210/api/Bid - - - 200 - application/json;+charset=utf-8 149.4130ms
2026-01-26 18:22:46.251 +01:00 [INF] Request starting HTTP/2 POST https://localhost:7210/api/Bid application/json 70
2026-01-26 18:22:46.259 +01:00 [INF] ➡️ POST /api/Bid appelé par Anonyme
2026-01-26 18:22:46.268 +01:00 [INF] Executing endpoint 'Dot.Net.WebApi.Controllers.BidController.Create (P7CreateRestApi)'
2026-01-26 18:22:46.271 +01:00 [INF] Route matched with {action = "Create", controller = "Bid"}. Executing controller action with signature System.Threading.Tasks.Task`1[Microsoft.AspNetCore.Mvc.IActionResult] Create(P7CreateRestApi.Dto.Bid.CreateBidDto) on controller Dot.Net.WebApi.Controllers.BidController (P7CreateRestApi).
2026-01-26 18:22:46.283 +01:00 [INF] Entity Framework Core 6.0.16 initialized 'LocalDbContext' using provider 'Microsoft.EntityFrameworkCore.SqlServer:6.0.16' with options: None
2026-01-26 18:22:46.500 +01:00 [INF] Executed DbCommand (18ms) [Parameters=[@p0='?' (Size = 4000), @p1='?' (DbType = Double), @p2='?' (DbType = Double), @p3='?' (Size = 4000), @p4='?' (DbType = DateTime2), @p5='?' (DbType = Double), @p6='?' (Size = 4000), @p7='?' (Size = 4000), @p8='?' (Size = 4000), @p9='?' (DbType = Double), @p10='?' (Size = 4000), @p11='?' (Size = 4000), @p12='?' (DbType = DateTime2), @p13='?' (Size = 4000), @p14='?' (Size = 4000), @p15='?' (Size = 4000), @p16='?' (DbType = DateTime2), @p17='?' (Size = 4000), @p18='?' (Size = 4000), @p19='?' (Size = 4000), @p20='?' (Size = 4000)], CommandType='"Text"', CommandTimeout='30']
SET NOCOUNT ON;
INSERT INTO [Bids] ([Account], [Ask], [AskQuantity], [Benchmark], [BidListDate], [BidQuantity], [BidSecurity], [BidStatus], [BidType], [BidValue], [Book], [Commentary], [CreationDate], [CreationName], [DealName], [DealType], [RevisionDate], [RevisionName], [Side], [SourceListId], [Trader])
VALUES (@p0, @p1, @p2, @p3, @p4, @p5, @p6, @p7, @p8, @p9, @p10, @p11, @p12, @p13, @p14, @p15, @p16, @p17, @p18, @p19, @p20);
SELECT [Id]
FROM [Bids]
WHERE @@ROWCOUNT = 1 AND [Id] = scope_identity();
2026-01-26 18:22:46.574 +01:00 [INF] Executing CreatedAtActionResult, writing value of type 'P7CreateRestApi.Domain.Bid'.
2026-01-26 18:22:46.616 +01:00 [INF] Executed action Dot.Net.WebApi.Controllers.BidController.Create (P7CreateRestApi) in 342.7413ms
2026-01-26 18:22:46.617 +01:00 [INF] Executed endpoint 'Dot.Net.WebApi.Controllers.BidController.Create (P7CreateRestApi)'
2026-01-26 18:22:46.619 +01:00 [INF] ⬅️ POST /api/Bid terminé avec statut 201 (359 ms)
2026-01-26 18:22:46.620 +01:00 [INF] Request finished HTTP/2 POST https://localhost:7210/api/Bid application/json 70 - 201 - application/json;+charset=utf-8 369.5499ms
2026-01-26 18:27:18.734 +01:00 [INF] User profile is available. Using 'C:\Users\michl\AppData\Local\ASP.NET\DataProtection-Keys' as key repository and Windows DPAPI to encrypt keys at rest.
2026-01-26 18:27:19.581 +01:00 [INF] Entity Framework Core 6.0.16 initialized 'LocalDbContext' using provider 'Microsoft.EntityFrameworkCore.SqlServer:6.0.16' with options: None
2026-01-26 18:27:20.657 +01:00 [INF] Executed DbCommand (85ms) [Parameters=[@__normalizedName_0='?' (Size = 256)], CommandType='"Text"', CommandTimeout='30']
SELECT TOP(1) [a].[Id], [a].[ConcurrencyStamp], [a].[Name], [a].[NormalizedName]
FROM [AspNetRoles] AS [a]
WHERE [a].[NormalizedName] = @__normalizedName_0
2026-01-26 18:27:20.798 +01:00 [INF] Executed DbCommand (6ms) [Parameters=[@__normalizedName_0='?' (Size = 256)], CommandType='"Text"', CommandTimeout='30']
SELECT TOP(1) [a].[Id], [a].[ConcurrencyStamp], [a].[Name], [a].[NormalizedName]
FROM [AspNetRoles] AS [a]
WHERE [a].[NormalizedName] = @__normalizedName_0
2026-01-26 18:27:20.814 +01:00 [INF] Executed DbCommand (3ms) [Parameters=[@__normalizedEmail_0='?' (Size = 256)], CommandType='"Text"', CommandTimeout='30']
SELECT TOP(2) [a].[Id], [a].[AccessFailedCount], [a].[ConcurrencyStamp], [a].[Email], [a].[EmailConfirmed], [a].[FullName], [a].[LockoutEnabled], [a].[LockoutEnd], [a].[NormalizedEmail], [a].[NormalizedUserName], [a].[PasswordHash], [a].[PhoneNumber], [a].[PhoneNumberConfirmed], [a].[SecurityStamp], [a].[TwoFactorEnabled], [a].[UserName]
FROM [AspNetUsers] AS [a]
WHERE [a].[NormalizedEmail] = @__normalizedEmail_0
2026-01-26 18:27:21.147 +01:00 [INF] Now listening on: https://localhost:7210
2026-01-26 18:27:21.150 +01:00 [INF] Now listening on: http://localhost:5267
2026-01-26 18:27:21.340 +01:00 [INF] Application started. Press Ctrl+C to shut down.
2026-01-26 18:27:21.343 +01:00 [INF] Hosting environment: Development
2026-01-26 18:27:21.347 +01:00 [INF] Content root path: C:\Repos\OPENCLASSROOM\p7\P7CreateRestApi\
2026-01-26 18:27:21.714 +01:00 [INF] Request starting HTTP/2 GET https://localhost:7210/_framework/aspnetcore-browser-refresh.js - -
2026-01-26 18:27:21.714 +01:00 [INF] Request starting HTTP/2 GET https://localhost:7210/swagger/index.html - -
2026-01-26 18:27:21.738 +01:00 [INF] Request finished HTTP/2 GET https://localhost:7210/_framework/aspnetcore-browser-refresh.js - - - 200 16515 application/javascript;+charset=utf-8 30.5571ms
2026-01-26 18:27:21.782 +01:00 [INF] Request starting HTTP/2 GET https://localhost:7210/swagger/v1/swagger.json - -
2026-01-26 18:27:21.834 +01:00 [INF] Request finished HTTP/2 GET https://localhost:7210/swagger/v1/swagger.json - - - 200 - application/json;charset=utf-8 51.5335ms
2026-01-26 18:27:22.033 +01:00 [INF] Request finished HTTP/2 GET https://localhost:7210/swagger/index.html - - - 200 - text/html;charset=utf-8 325.7641ms
2026-01-26 18:27:22.037 +01:00 [INF] Request starting HTTP/2 GET https://localhost:7210/_framework/aspnetcore-browser-refresh.js - -
2026-01-26 18:27:22.039 +01:00 [INF] Request finished HTTP/2 GET https://localhost:7210/_framework/aspnetcore-browser-refresh.js - - - 200 16515 application/javascript;+charset=utf-8 1.8063ms
2026-01-26 18:27:22.040 +01:00 [INF] Request starting HTTP/2 GET https://localhost:7210/_vs/browserLink - -
2026-01-26 18:27:22.114 +01:00 [INF] Request finished HTTP/2 GET https://localhost:7210/_vs/browserLink - - - 200 - text/javascript;+charset=UTF-8 73.7217ms
2026-01-26 18:27:22.151 +01:00 [INF] Request starting HTTP/2 GET https://localhost:7210/swagger/v1/swagger.json - -
2026-01-26 18:27:22.160 +01:00 [INF] Request finished HTTP/2 GET https://localhost:7210/swagger/v1/swagger.json - - - 200 - application/json;charset=utf-8 9.3028ms
2026-01-26 18:28:23.706 +01:00 [INF] Request starting HTTP/2 POST https://localhost:7210/api/User application/json 106
2026-01-26 18:28:23.721 +01:00 [INF] ➡️ POST /api/User appelé par Anonyme
2026-01-26 18:28:24.038 +01:00 [INF] Executing endpoint 'P7CreateRestApi.Controllers.UserController.Create (P7CreateRestApi)'
2026-01-26 18:28:24.074 +01:00 [INF] Route matched with {action = "Create", controller = "User"}. Executing controller action with signature System.Threading.Tasks.Task`1[Microsoft.AspNetCore.Mvc.IActionResult] Create(P7CreateRestApi.Dto.User.RegisterUserDto) on controller P7CreateRestApi.Controllers.UserController (P7CreateRestApi).
2026-01-26 18:28:24.257 +01:00 [INF] Entity Framework Core 6.0.16 initialized 'LocalDbContext' using provider 'Microsoft.EntityFrameworkCore.SqlServer:6.0.16' with options: None
2026-01-26 18:28:24.271 +01:00 [INF] Executed DbCommand (6ms) [Parameters=[@__normalizedUserName_0='?' (Size = 256)], CommandType='"Text"', CommandTimeout='30']
SELECT TOP(1) [a].[Id], [a].[AccessFailedCount], [a].[ConcurrencyStamp], [a].[Email], [a].[EmailConfirmed], [a].[FullName], [a].[LockoutEnabled], [a].[LockoutEnd], [a].[NormalizedEmail], [a].[NormalizedUserName], [a].[PasswordHash], [a].[PhoneNumber], [a].[PhoneNumberConfirmed], [a].[SecurityStamp], [a].[TwoFactorEnabled], [a].[UserName]
FROM [AspNetUsers] AS [a]
WHERE [a].[NormalizedUserName] = @__normalizedUserName_0
2026-01-26 18:28:24.284 +01:00 [INF] Executed DbCommand (3ms) [Parameters=[@__normalizedEmail_0='?' (Size = 256)], CommandType='"Text"', CommandTimeout='30']
SELECT TOP(2) [a].[Id], [a].[AccessFailedCount], [a].[ConcurrencyStamp], [a].[Email], [a].[EmailConfirmed], [a].[FullName], [a].[LockoutEnabled], [a].[LockoutEnd], [a].[NormalizedEmail], [a].[NormalizedUserName], [a].[PasswordHash], [a].[PhoneNumber], [a].[PhoneNumberConfirmed], [a].[SecurityStamp], [a].[TwoFactorEnabled], [a].[UserName]
FROM [AspNetUsers] AS [a]
WHERE [a].[NormalizedEmail] = @__normalizedEmail_0
2026-01-26 18:28:24.451 +01:00 [INF] Executed DbCommand (11ms) [Parameters=[@p0='?' (Size = 450), @p1='?' (DbType = Int32), @p2='?' (Size = 4000), @p3='?' (Size = 256), @p4='?' (DbType = Boolean), @p5='?' (Size = 4000), @p6='?' (DbType = Boolean), @p7='?' (DbType = DateTimeOffset), @p8='?' (Size = 256), @p9='?' (Size = 256), @p10='?' (Size = 4000), @p11='?' (Size = 4000), @p12='?' (DbType = Boolean), @p13='?' (Size = 4000), @p14='?' (DbType = Boolean), @p15='?' (Size = 256)], CommandType='"Text"', CommandTimeout='30']
SET NOCOUNT ON;
INSERT INTO [AspNetUsers] ([Id], [AccessFailedCount], [ConcurrencyStamp], [Email], [EmailConfirmed], [FullName], [LockoutEnabled], [LockoutEnd], [NormalizedEmail], [NormalizedUserName], [PasswordHash], [PhoneNumber], [PhoneNumberConfirmed], [SecurityStamp], [TwoFactorEnabled], [UserName])
VALUES (@p0, @p1, @p2, @p3, @p4, @p5, @p6, @p7, @p8, @p9, @p10, @p11, @p12, @p13, @p14, @p15);
2026-01-26 18:28:24.518 +01:00 [INF] Executed DbCommand (4ms) [Parameters=[@__normalizedRoleName_0='?' (Size = 256)], CommandType='"Text"', CommandTimeout='30']
SELECT TOP(2) [a].[Id], [a].[ConcurrencyStamp], [a].[Name], [a].[NormalizedName]
FROM [AspNetRoles] AS [a]
WHERE [a].[NormalizedName] = @__normalizedRoleName_0
2026-01-26 18:28:24.559 +01:00 [INF] Executed DbCommand (5ms) [Parameters=[@__p_0='?' (Size = 450), @__p_1='?' (Size = 450)], CommandType='"Text"', CommandTimeout='30']
SELECT TOP(1) [a].[UserId], [a].[RoleId]
FROM [AspNetUserRoles] AS [a]
WHERE ([a].[UserId] = @__p_0) AND ([a].[RoleId] = @__p_1)
2026-01-26 18:28:24.572 +01:00 [INF] Executed DbCommand (3ms) [Parameters=[@__normalizedRoleName_0='?' (Size = 256)], CommandType='"Text"', CommandTimeout='30']
SELECT TOP(2) [a].[Id], [a].[ConcurrencyStamp], [a].[Name], [a].[NormalizedName]
FROM [AspNetRoles] AS [a]
WHERE [a].[NormalizedName] = @__normalizedRoleName_0
2026-01-26 18:28:24.595 +01:00 [INF] Executed DbCommand (3ms) [Parameters=[@__normalizedUserName_0='?' (Size = 256)], CommandType='"Text"', CommandTimeout='30']
SELECT TOP(1) [a].[Id], [a].[AccessFailedCount], [a].[ConcurrencyStamp], [a].[Email], [a].[EmailConfirmed], [a].[FullName], [a].[LockoutEnabled], [a].[LockoutEnd], [a].[NormalizedEmail], [a].[NormalizedUserName], [a].[PasswordHash], [a].[PhoneNumber], [a].[PhoneNumberConfirmed], [a].[SecurityStamp], [a].[TwoFactorEnabled], [a].[UserName]
FROM [AspNetUsers] AS [a]
WHERE [a].[NormalizedUserName] = @__normalizedUserName_0
2026-01-26 18:28:24.601 +01:00 [INF] Executed DbCommand (2ms) [Parameters=[@__normalizedEmail_0='?' (Size = 256)], CommandType='"Text"', CommandTimeout='30']
SELECT TOP(2) [a].[Id], [a].[AccessFailedCount], [a].[ConcurrencyStamp], [a].[Email], [a].[EmailConfirmed], [a].[FullName], [a].[LockoutEnabled], [a].[LockoutEnd], [a].[NormalizedEmail], [a].[NormalizedUserName], [a].[PasswordHash], [a].[PhoneNumber], [a].[PhoneNumberConfirmed], [a].[SecurityStamp], [a].[TwoFactorEnabled], [a].[UserName]
FROM [AspNetUsers] AS [a]
WHERE [a].[NormalizedEmail] = @__normalizedEmail_0
2026-01-26 18:28:24.626 +01:00 [INF] Executed DbCommand (6ms) [Parameters=[@p0='?' (Size = 450), @p1='?' (Size = 450)], CommandType='"Text"', CommandTimeout='30']
SET NOCOUNT ON;
INSERT INTO [AspNetUserRoles] ([RoleId], [UserId])
VALUES (@p0, @p1);
2026-01-26 18:28:24.651 +01:00 [INF] Executed DbCommand (17ms) [Parameters=[@p15='?' (Size = 450), @p0='?' (DbType = Int32), @p1='?' (Size = 4000), @p16='?' (Size = 4000), @p2='?' (Size = 256), @p3='?' (DbType = Boolean), @p4='?' (Size = 4000), @p5='?' (DbType = Boolean), @p6='?' (DbType = DateTimeOffset), @p7='?' (Size = 256), @p8='?' (Size = 256), @p9='?' (Size = 4000), @p10='?' (Size = 4000), @p11='?' (DbType = Boolean), @p12='?' (Size = 4000), @p13='?' (DbType = Boolean), @p14='?' (Size = 256)], CommandType='"Text"', CommandTimeout='30']
SET NOCOUNT ON;
UPDATE [AspNetUsers] SET [AccessFailedCount] = @p0, [ConcurrencyStamp] = @p1, [Email] = @p2, [EmailConfirmed] = @p3, [FullName] = @p4, [LockoutEnabled] = @p5, [LockoutEnd] = @p6, [NormalizedEmail] = @p7, [NormalizedUserName] = @p8, [PasswordHash] = @p9, [PhoneNumber] = @p10, [PhoneNumberConfirmed] = @p11, [SecurityStamp] = @p12, [TwoFactorEnabled] = @p13, [UserName] = @p14
WHERE [Id] = @p15 AND [ConcurrencyStamp] = @p16;
SELECT @@ROWCOUNT;
2026-01-26 18:28:24.659 +01:00 [INF] Admin admin a créé l’utilisateur Test@Test.fr
2026-01-26 18:28:24.677 +01:00 [INF] Executing CreatedAtActionResult, writing value of type '<>f__AnonymousType4`3[[System.String, System.Private.CoreLib, Version=6.0.0.0, Culture=neutral, PublicKeyToken=7cec85d7bea7798e],[System.String, System.Private.CoreLib, Version=6.0.0.0, Culture=neutral, PublicKeyToken=7cec85d7bea7798e],[System.String, System.Private.CoreLib, Version=6.0.0.0, Culture=neutral, PublicKeyToken=7cec85d7bea7798e]]'.
2026-01-26 18:28:24.725 +01:00 [INF] Executed action P7CreateRestApi.Controllers.UserController.Create (P7CreateRestApi) in 639.8511ms
2026-01-26 18:28:24.729 +01:00 [INF] Executed endpoint 'P7CreateRestApi.Controllers.UserController.Create (P7CreateRestApi)'
2026-01-26 18:28:24.731 +01:00 [INF] ⬅️ POST /api/User terminé avec statut 201 (1013 ms)
2026-01-26 18:28:24.743 +01:00 [INF] Request finished HTTP/2 POST https://localhost:7210/api/User application/json 106 - 201 - application/json;+charset=utf-8 1036.8627ms
2026-01-26 18:28:43.669 +01:00 [INF] Request starting HTTP/2 GET https://localhost:7210/api/User - -
2026-01-26 18:28:43.674 +01:00 [INF] ➡️ GET /api/User appelé par Anonyme
2026-01-26 18:28:43.676 +01:00 [INF] Executing endpoint 'P7CreateRestApi.Controllers.UserController.GetAll (P7CreateRestApi)'
2026-01-26 18:28:43.680 +01:00 [INF] Route matched with {action = "GetAll", controller = "User"}. Executing controller action with signature System.Threading.Tasks.Task`1[Microsoft.AspNetCore.Mvc.IActionResult] GetAll() on controller P7CreateRestApi.Controllers.UserController (P7CreateRestApi).
2026-01-26 18:28:43.702 +01:00 [INF] Entity Framework Core 6.0.16 initialized 'LocalDbContext' using provider 'Microsoft.EntityFrameworkCore.SqlServer:6.0.16' with options: None
2026-01-26 18:28:43.733 +01:00 [INF] Executed DbCommand (4ms) [Parameters=[], CommandType='"Text"', CommandTimeout='30']
SELECT [a].[Id], [a].[Email], [a].[UserName]
FROM [AspNetUsers] AS [a]
2026-01-26 18:28:43.739 +01:00 [INF] Admin admin a listé 3 utilisateurs
2026-01-26 18:28:43.741 +01:00 [INF] Executing OkObjectResult, writing value of type 'System.Collections.Generic.List`1[[<>f__AnonymousType2`3[[System.String, System.Private.CoreLib, Version=6.0.0.0, Culture=neutral, PublicKeyToken=7cec85d7bea7798e],[System.String, System.Private.CoreLib, Version=6.0.0.0, Culture=neutral, PublicKeyToken=7cec85d7bea7798e],[System.String, System.Private.CoreLib, Version=6.0.0.0, Culture=neutral, PublicKeyToken=7cec85d7bea7798e]], P7CreateRestApi, Version=1.0.0.0, Culture=neutral, PublicKeyToken=null]]'.
2026-01-26 18:28:43.745 +01:00 [INF] Executed action P7CreateRestApi.Controllers.UserController.GetAll (P7CreateRestApi) in 63.2364ms
2026-01-26 18:28:43.747 +01:00 [INF] Executed endpoint 'P7CreateRestApi.Controllers.UserController.GetAll (P7CreateRestApi)'
2026-01-26 18:28:43.748 +01:00 [INF] ⬅️ GET /api/User terminé avec statut 200 (74 ms)
2026-01-26 18:28:43.750 +01:00 [INF] Request finished HTTP/2 GET https://localhost:7210/api/User - - - 200 - application/json;+charset=utf-8 81.0005ms
2026-01-26 18:30:08.179 +01:00 [INF] Request starting HTTP/2 POST https://localhost:7210/api/Bid application/json 78
2026-01-26 18:30:08.186 +01:00 [INF] ➡️ POST /api/Bid appelé par Anonyme
2026-01-26 18:30:08.203 +01:00 [INF] Executing endpoint 'Dot.Net.WebApi.Controllers.BidController.Create (P7CreateRestApi)'
2026-01-26 18:30:08.208 +01:00 [INF] Route matched with {action = "Create", controller = "Bid"}. Executing controller action with signature System.Threading.Tasks.Task`1[Microsoft.AspNetCore.Mvc.IActionResult] Create(P7CreateRestApi.Dto.Bid.CreateBidDto) on controller Dot.Net.WebApi.Controllers.BidController (P7CreateRestApi).
2026-01-26 18:30:08.225 +01:00 [INF] Entity Framework Core 6.0.16 initialized 'LocalDbContext' using provider 'Microsoft.EntityFrameworkCore.SqlServer:6.0.16' with options: None
2026-01-26 18:30:08.312 +01:00 [INF] Executed DbCommand (11ms) [Parameters=[@p0='?' (Size = 4000), @p1='?' (DbType = Double), @p2='?' (DbType = Double), @p3='?' (Size = 4000), @p4='?' (DbType = DateTime2), @p5='?' (DbType = Double), @p6='?' (Size = 4000), @p7='?' (Size = 4000), @p8='?' (Size = 4000), @p9='?' (DbType = Double), @p10='?' (Size = 4000), @p11='?' (Size = 4000), @p12='?' (DbType = DateTime2), @p13='?' (Size = 4000), @p14='?' (Size = 4000), @p15='?' (Size = 4000), @p16='?' (DbType = DateTime2), @p17='?' (Size = 4000), @p18='?' (Size = 4000), @p19='?' (Size = 4000), @p20='?' (Size = 4000)], CommandType='"Text"', CommandTimeout='30']
SET NOCOUNT ON;
INSERT INTO [Bids] ([Account], [Ask], [AskQuantity], [Benchmark], [BidListDate], [BidQuantity], [BidSecurity], [BidStatus], [BidType], [BidValue], [Book], [Commentary], [CreationDate], [CreationName], [DealName], [DealType], [RevisionDate], [RevisionName], [Side], [SourceListId], [Trader])
VALUES (@p0, @p1, @p2, @p3, @p4, @p5, @p6, @p7, @p8, @p9, @p10, @p11, @p12, @p13, @p14, @p15, @p16, @p17, @p18, @p19, @p20);
SELECT [Id]
FROM [Bids]
WHERE @@ROWCOUNT = 1 AND [Id] = scope_identity();
2026-01-26 18:30:08.348 +01:00 [INF] Executing CreatedAtActionResult, writing value of type 'P7CreateRestApi.Domain.Bid'.
2026-01-26 18:30:08.369 +01:00 [INF] Executed action Dot.Net.WebApi.Controllers.BidController.Create (P7CreateRestApi) in 158.4024ms
2026-01-26 18:30:08.370 +01:00 [INF] Executed endpoint 'Dot.Net.WebApi.Controllers.BidController.Create (P7CreateRestApi)'
2026-01-26 18:30:08.372 +01:00 [INF] ⬅️ POST /api/Bid terminé avec statut 201 (185 ms)
2026-01-26 18:30:08.379 +01:00 [INF] Request finished HTTP/2 POST https://localhost:7210/api/Bid application/json 78 - 201 - application/json;+charset=utf-8 200.2272ms
2026-01-26 18:43:58.113 +01:00 [INF] User profile is available. Using 'C:\Users\michl\AppData\Local\ASP.NET\DataProtection-Keys' as key repository and Windows DPAPI to encrypt keys at rest.
2026-01-26 18:43:58.984 +01:00 [INF] Entity Framework Core 6.0.16 initialized 'LocalDbContext' using provider 'Microsoft.EntityFrameworkCore.SqlServer:6.0.16' with options: None
2026-01-26 18:44:00.067 +01:00 [INF] Executed DbCommand (88ms) [Parameters=[@__normalizedName_0='?' (Size = 256)], CommandType='"Text"', CommandTimeout='30']
SELECT TOP(1) [a].[Id], [a].[ConcurrencyStamp], [a].[Name], [a].[NormalizedName]
FROM [AspNetRoles] AS [a]
WHERE [a].[NormalizedName] = @__normalizedName_0
2026-01-26 18:44:00.184 +01:00 [INF] Executed DbCommand (3ms) [Parameters=[@__normalizedName_0='?' (Size = 256)], CommandType='"Text"', CommandTimeout='30']
SELECT TOP(1) [a].[Id], [a].[ConcurrencyStamp], [a].[Name], [a].[NormalizedName]
FROM [AspNetRoles] AS [a]
WHERE [a].[NormalizedName] = @__normalizedName_0
2026-01-26 18:44:00.200 +01:00 [INF] Executed DbCommand (4ms) [Parameters=[@__normalizedEmail_0='?' (Size = 256)], CommandType='"Text"', CommandTimeout='30']
SELECT TOP(2) [a].[Id], [a].[AccessFailedCount], [a].[ConcurrencyStamp], [a].[Email], [a].[EmailConfirmed], [a].[FullName], [a].[LockoutEnabled], [a].[LockoutEnd], [a].[NormalizedEmail], [a].[NormalizedUserName], [a].[PasswordHash], [a].[PhoneNumber], [a].[PhoneNumberConfirmed], [a].[SecurityStamp], [a].[TwoFactorEnabled], [a].[UserName]
FROM [AspNetUsers] AS [a]
WHERE [a].[NormalizedEmail] = @__normalizedEmail_0
2026-01-26 18:44:00.549 +01:00 [INF] Now listening on: https://localhost:7210
2026-01-26 18:44:00.550 +01:00 [INF] Now listening on: http://localhost:5267
2026-01-26 18:44:00.715 +01:00 [INF] Application started. Press Ctrl+C to shut down.
2026-01-26 18:44:00.717 +01:00 [INF] Hosting environment: Development
2026-01-26 18:44:00.719 +01:00 [INF] Content root path: C:\Repos\OPENCLASSROOM\p7\P7CreateRestApi\
2026-01-26 18:44:01.339 +01:00 [INF] Request starting HTTP/2 GET https://localhost:7210/swagger/index.html - -
2026-01-26 18:44:01.339 +01:00 [INF] Request starting HTTP/2 GET https://localhost:7210/_framework/aspnetcore-browser-refresh.js - -
2026-01-26 18:44:01.363 +01:00 [INF] Request finished HTTP/2 GET https://localhost:7210/_framework/aspnetcore-browser-refresh.js - - - 200 16515 application/javascript;+charset=utf-8 30.5575ms
2026-01-26 18:44:01.419 +01:00 [INF] Request starting HTTP/2 GET https://localhost:7210/swagger/v1/swagger.json - -
2026-01-26 18:44:01.474 +01:00 [INF] Request finished HTTP/2 GET https://localhost:7210/swagger/v1/swagger.json - - - 200 - application/json;charset=utf-8 54.9717ms
2026-01-26 18:44:01.675 +01:00 [INF] Request finished HTTP/2 GET https://localhost:7210/swagger/index.html - - - 200 - text/html;charset=utf-8 343.8575ms
2026-01-26 18:44:01.683 +01:00 [INF] Request starting HTTP/2 GET https://localhost:7210/_framework/aspnetcore-browser-refresh.js - -
2026-01-26 18:44:01.683 +01:00 [INF] Request starting HTTP/2 GET https://localhost:7210/_vs/browserLink - -
2026-01-26 18:44:01.685 +01:00 [INF] Request finished HTTP/2 GET https://localhost:7210/_framework/aspnetcore-browser-refresh.js - - - 200 16515 application/javascript;+charset=utf-8 2.0152ms
2026-01-26 18:44:01.752 +01:00 [INF] Request finished HTTP/2 GET https://localhost:7210/_vs/browserLink - - - 200 - text/javascript;+charset=UTF-8 69.0376ms
2026-01-26 18:44:01.785 +01:00 [INF] Request starting HTTP/2 GET https://localhost:7210/swagger/v1/swagger.json - -
2026-01-26 18:44:01.796 +01:00 [INF] Request finished HTTP/2 GET https://localhost:7210/swagger/v1/swagger.json - - - 200 - application/json;charset=utf-8 10.9956ms
2026-01-26 18:44:14.472 +01:00 [INF] Request starting HTTP/2 GET https://localhost:7210/_framework/aspnetcore-browser-refresh.js - -
2026-01-26 18:44:14.475 +01:00 [INF] Request finished HTTP/2 GET https://localhost:7210/_framework/aspnetcore-browser-refresh.js - - - 200 16515 application/javascript;+charset=utf-8 2.1846ms
2026-01-26 18:44:14.558 +01:00 [INF] Request starting HTTP/2 GET https://localhost:7210/swagger/v1/swagger.json - -
2026-01-26 18:44:14.567 +01:00 [INF] Request finished HTTP/2 GET https://localhost:7210/swagger/v1/swagger.json - - - 200 - application/json;charset=utf-8 8.9497ms
2026-01-26 18:44:48.096 +01:00 [INF] Request starting HTTP/2 POST https://localhost:7210/api/auth/login application/json 69
2026-01-26 18:44:48.114 +01:00 [INF] ➡️ POST /api/auth/login appelé par Anonyme
2026-01-26 18:44:48.208 +01:00 [INF] Executing endpoint 'P7CreateRestApi.Controllers.AuthController.Login (P7CreateRestApi)'
2026-01-26 18:44:48.239 +01:00 [INF] Route matched with {action = "Login", controller = "Auth"}. Executing controller action with signature System.Threading.Tasks.Task`1[Microsoft.AspNetCore.Mvc.IActionResult] Login(P7CreateRestApi.Dto.Login.LoginRequestDto) on controller P7CreateRestApi.Controllers.AuthController (P7CreateRestApi).
2026-01-26 18:44:48.379 +01:00 [INF] Entity Framework Core 6.0.16 initialized 'LocalDbContext' using provider 'Microsoft.EntityFrameworkCore.SqlServer:6.0.16' with options: None
2026-01-26 18:44:48.388 +01:00 [INF] Executed DbCommand (5ms) [Parameters=[@__normalizedEmail_0='?' (Size = 256)], CommandType='"Text"', CommandTimeout='30']
SELECT TOP(2) [a].[Id], [a].[AccessFailedCount], [a].[ConcurrencyStamp], [a].[Email], [a].[EmailConfirmed], [a].[FullName], [a].[LockoutEnabled], [a].[LockoutEnd], [a].[NormalizedEmail], [a].[NormalizedUserName], [a].[PasswordHash], [a].[PhoneNumber], [a].[PhoneNumberConfirmed], [a].[SecurityStamp], [a].[TwoFactorEnabled], [a].[UserName]
FROM [AspNetUsers] AS [a]
WHERE [a].[NormalizedEmail] = @__normalizedEmail_0
2026-01-26 18:44:48.527 +01:00 [INF] Executed DbCommand (4ms) [Parameters=[@__userId_0='?' (Size = 450)], CommandType='"Text"', CommandTimeout='30']
SELECT [a0].[Name]
FROM [AspNetUserRoles] AS [a]
INNER JOIN [AspNetRoles] AS [a0] ON [a].[RoleId] = [a0].[Id]
WHERE [a].[UserId] = @__userId_0
2026-01-26 18:44:48.744 +01:00 [INF] Executing OkObjectResult, writing value of type 'P7CreateRestApi.Dto.Login.LoginResponseDto'.
2026-01-26 18:44:48.764 +01:00 [INF] Executed action P7CreateRestApi.Controllers.AuthController.Login (P7CreateRestApi) in 517.4535ms
2026-01-26 18:44:48.768 +01:00 [INF] Executed endpoint 'P7CreateRestApi.Controllers.AuthController.Login (P7CreateRestApi)'
2026-01-26 18:44:48.775 +01:00 [INF] ⬅️ POST /api/auth/login terminé avec statut 200 (663 ms)
2026-01-26 18:44:48.786 +01:00 [INF] Request finished HTTP/2 POST https://localhost:7210/api/auth/login application/json 69 - 200 - application/json;+charset=utf-8 690.2300ms
2026-01-26 18:45:38.013 +01:00 [INF] Request starting HTTP/2 POST https://localhost:7210/api/Bid application/json 72
2026-01-26 18:45:38.026 +01:00 [INF] ➡️ POST /api/Bid appelé par Anonyme
2026-01-26 18:45:38.106 +01:00 [INF] Executing endpoint 'Dot.Net.WebApi.Controllers.BidController.Create (P7CreateRestApi)'
2026-01-26 18:45:38.110 +01:00 [INF] Route matched with {action = "Create", controller = "Bid"}. Executing controller action with signature System.Threading.Tasks.Task`1[Microsoft.AspNetCore.Mvc.IActionResult] Create(P7CreateRestApi.Dto.Bid.CreateBidDto) on controller Dot.Net.WebApi.Controllers.BidController (P7CreateRestApi).
2026-01-26 18:45:38.137 +01:00 [INF] Entity Framework Core 6.0.16 initialized 'LocalDbContext' using provider 'Microsoft.EntityFrameworkCore.SqlServer:6.0.16' with options: None
2026-01-26 18:45:38.341 +01:00 [INF] Executed DbCommand (6ms) [Parameters=[@p0='?' (Size = 4000), @p1='?' (DbType = Double), @p2='?' (DbType = Double), @p3='?' (Size = 4000), @p4='?' (DbType = DateTime2), @p5='?' (DbType = Double), @p6='?' (Size = 4000), @p7='?' (Size = 4000), @p8='?' (Size = 4000), @p9='?' (DbType = Double), @p10='?' (Size = 4000), @p11='?' (Size = 4000), @p12='?' (DbType = DateTime2), @p13='?' (Size = 4000), @p14='?' (Size = 4000), @p15='?' (Size = 4000), @p16='?' (DbType = DateTime2), @p17='?' (Size = 4000), @p18='?' (Size = 4000), @p19='?' (Size = 4000), @p20='?' (Size = 4000)], CommandType='"Text"', CommandTimeout='30']
SET NOCOUNT ON;
INSERT INTO [Bids] ([Account], [Ask], [AskQuantity], [Benchmark], [BidListDate], [BidQuantity], [BidSecurity], [BidStatus], [BidType], [BidValue], [Book], [Commentary], [CreationDate], [CreationName], [DealName], [DealType], [RevisionDate], [RevisionName], [Side], [SourceListId], [Trader])
VALUES (@p0, @p1, @p2, @p3, @p4, @p5, @p6, @p7, @p8, @p9, @p10, @p11, @p12, @p13, @p14, @p15, @p16, @p17, @p18, @p19, @p20);
SELECT [Id]
FROM [Bids]
WHERE @@ROWCOUNT = 1 AND [Id] = scope_identity();
2026-01-26 18:45:38.408 +01:00 [INF] Executing CreatedAtActionResult, writing value of type 'P7CreateRestApi.Dto.Common.IdResponseDto'.
2026-01-26 18:45:38.435 +01:00 [INF] Executed action Dot.Net.WebApi.Controllers.BidController.Create (P7CreateRestApi) in 322.4571ms
2026-01-26 18:45:38.437 +01:00 [INF] Executed endpoint 'Dot.Net.WebApi.Controllers.BidController.Create (P7CreateRestApi)'
2026-01-26 18:45:38.439 +01:00 [INF] ⬅️ POST /api/Bid terminé avec statut 201 (413 ms)
2026-01-26 18:45:38.441 +01:00 [INF] Request finished HTTP/2 POST https://localhost:7210/api/Bid application/json 72 - 201 - application/json;+charset=utf-8 427.8412ms
2026-01-26 18:47:12.981 +01:00 [INF] Request starting HTTP/2 POST https://localhost:7210/api/Curve application/json 57
2026-01-26 18:47:12.985 +01:00 [INF] ➡️ POST /api/Curve appelé par Anonyme
2026-01-26 18:47:12.994 +01:00 [INF] Executing endpoint 'Dot.Net.WebApi.Controllers.CurveController.Create (P7CreateRestApi)'
2026-01-26 18:47:12.998 +01:00 [INF] Route matched with {action = "Create", controller = "Curve"}. Executing controller action with signature System.Threading.Tasks.Task`1[Microsoft.AspNetCore.Mvc.IActionResult] Create(P7CreateRestApi.Dto.CurvePoint.CreateCurvePointDto) on controller Dot.Net.WebApi.Controllers.CurveController (P7CreateRestApi).
2026-01-26 18:47:13.008 +01:00 [INF] Entity Framework Core 6.0.16 initialized 'LocalDbContext' using provider 'Microsoft.EntityFrameworkCore.SqlServer:6.0.16' with options: None
2026-01-26 18:47:13.038 +01:00 [INF] Executed DbCommand (4ms) [Parameters=[@p0='?' (DbType = DateTime2), @p1='?' (DbType = DateTime2), @p2='?' (Size = 1) (DbType = Byte), @p3='?' (DbType = Double), @p4='?' (DbType = Double)], CommandType='"Text"', CommandTimeout='30']
SET NOCOUNT ON;
INSERT INTO [CurvePoints] ([AsOfDate], [CreationDate], [CurveId], [CurvePointValue], [Term])
VALUES (@p0, @p1, @p2, @p3, @p4);
SELECT [Id]
FROM [CurvePoints]
WHERE @@ROWCOUNT = 1 AND [Id] = scope_identity();
2026-01-26 18:47:13.042 +01:00 [INF] Executing CreatedAtActionResult, writing value of type 'P7CreateRestApi.Dto.Common.IdResponseDto'.
2026-01-26 18:47:13.045 +01:00 [INF] Executed action Dot.Net.WebApi.Controllers.CurveController.Create (P7CreateRestApi) in 45.8955ms
2026-01-26 18:47:13.047 +01:00 [INF] Executed endpoint 'Dot.Net.WebApi.Controllers.CurveController.Create (P7CreateRestApi)'
2026-01-26 18:47:13.048 +01:00 [INF] ⬅️ POST /api/Curve terminé avec statut 201 (62 ms)
2026-01-26 18:47:13.050 +01:00 [INF] Request finished HTTP/2 POST https://localhost:7210/api/Curve application/json 57 - 201 - application/json;+charset=utf-8 68.2555ms
2026-01-26 18:47:38.725 +01:00 [INF] User profile is available. Using 'C:\Users\michl\AppData\Local\ASP.NET\DataProtection-Keys' as key repository and Windows DPAPI to encrypt keys at rest.
2026-01-26 18:47:39.614 +01:00 [INF] Entity Framework Core 6.0.16 initialized 'LocalDbContext' using provider 'Microsoft.EntityFrameworkCore.SqlServer:6.0.16' with options: None
2026-01-26 18:47:40.673 +01:00 [INF] Executed DbCommand (80ms) [Parameters=[@__normalizedName_0='?' (Size = 256)], CommandType='"Text"', CommandTimeout='30']
SELECT TOP(1) [a].[Id], [a].[ConcurrencyStamp], [a].[Name], [a].[NormalizedName]
FROM [AspNetRoles] AS [a]
WHERE [a].[NormalizedName] = @__normalizedName_0
2026-01-26 18:47:40.779 +01:00 [INF] Executed DbCommand (3ms) [Parameters=[@__normalizedName_0='?' (Size = 256)], CommandType='"Text"', CommandTimeout='30']
SELECT TOP(1) [a].[Id], [a].[ConcurrencyStamp], [a].[Name], [a].[NormalizedName]
FROM [AspNetRoles] AS [a]
WHERE [a].[NormalizedName] = @__normalizedName_0
2026-01-26 18:47:40.797 +01:00 [INF] Executed DbCommand (5ms) [Parameters=[@__normalizedEmail_0='?' (Size = 256)], CommandType='"Text"', CommandTimeout='30']
SELECT TOP(2) [a].[Id], [a].[AccessFailedCount], [a].[ConcurrencyStamp], [a].[Email], [a].[EmailConfirmed], [a].[FullName], [a].[LockoutEnabled], [a].[LockoutEnd], [a].[NormalizedEmail], [a].[NormalizedUserName], [a].[PasswordHash], [a].[PhoneNumber], [a].[PhoneNumberConfirmed], [a].[SecurityStamp], [a].[TwoFactorEnabled], [a].[UserName]
FROM [AspNetUsers] AS [a]
WHERE [a].[NormalizedEmail] = @__normalizedEmail_0
2026-01-26 18:47:41.111 +01:00 [INF] Now listening on: https://localhost:7210
2026-01-26 18:47:41.112 +01:00 [INF] Now listening on: http://localhost:5267
2026-01-26 18:47:41.286 +01:00 [INF] Application started. Press Ctrl+C to shut down.
2026-01-26 18:47:41.287 +01:00 [INF] Hosting environment: Development
2026-01-26 18:47:41.288 +01:00 [INF] Content root path: C:\Repos\OPENCLASSROOM\p7\P7CreateRestApi\
2026-01-26 18:47:41.661 +01:00 [INF] Request starting HTTP/2 GET https://localhost:7210/swagger/index.html - -
2026-01-26 18:47:42.046 +01:00 [INF] Request finished HTTP/2 GET https://localhost:7210/swagger/index.html - - - 200 - text/html;charset=utf-8 389.8748ms
2026-01-26 18:47:42.046 +01:00 [INF] Request starting HTTP/2 GET https://localhost:7210/_framework/aspnetcore-browser-refresh.js - -
2026-01-26 18:47:42.047 +01:00 [INF] Request starting HTTP/2 GET https://localhost:7210/_vs/browserLink - -
2026-01-26 18:47:42.062 +01:00 [INF] Request finished HTTP/2 GET https://localhost:7210/_framework/aspnetcore-browser-refresh.js - - - 200 16515 application/javascript;+charset=utf-8 15.6938ms
2026-01-26 18:47:42.138 +01:00 [INF] Request finished HTTP/2 GET https://localhost:7210/_vs/browserLink - - - 200 - text/javascript;+charset=UTF-8 91.2265ms
2026-01-26 18:47:42.190 +01:00 [INF] Request starting HTTP/2 GET https://localhost:7210/swagger/v1/swagger.json - -
2026-01-26 18:47:42.204 +01:00 [INF] Request finished HTTP/2 GET https://localhost:7210/swagger/v1/swagger.json - - - 200 - application/json;charset=utf-8 14.6247ms
2026-01-26 18:47:49.291 +01:00 [INF] Request starting HTTP/2 GET https://localhost:7210/_framework/aspnetcore-browser-refresh.js - -
2026-01-26 18:47:49.294 +01:00 [INF] Request finished HTTP/2 GET https://localhost:7210/_framework/aspnetcore-browser-refresh.js - - - 200 16515 application/javascript;+charset=utf-8 3.6140ms
2026-01-26 18:47:49.391 +01:00 [INF] Request starting HTTP/2 GET https://localhost:7210/swagger/v1/swagger.json - -
2026-01-26 18:47:49.399 +01:00 [INF] Request finished HTTP/2 GET https://localhost:7210/swagger/v1/swagger.json - - - 200 - application/json;charset=utf-8 8.5023ms
2026-01-26 18:47:52.380 +01:00 [INF] Request starting HTTP/2 GET https://localhost:7210/_framework/aspnetcore-browser-refresh.js - -
2026-01-26 18:47:52.382 +01:00 [INF] Request finished HTTP/2 GET https://localhost:7210/_framework/aspnetcore-browser-refresh.js - - - 200 16515 application/javascript;+charset=utf-8 1.8613ms
2026-01-26 18:47:52.473 +01:00 [INF] Request starting HTTP/2 GET https://localhost:7210/swagger/v1/swagger.json - -
2026-01-26 18:47:52.479 +01:00 [INF] Request finished HTTP/2 GET https://localhost:7210/swagger/v1/swagger.json - - - 200 - application/json;charset=utf-8 6.6972ms
2026-01-26 18:47:52.720 +01:00 [INF] Request starting HTTP/2 GET https://localhost:7210/_framework/aspnetcore-browser-refresh.js - -
2026-01-26 18:47:52.722 +01:00 [INF] Request finished HTTP/2 GET https://localhost:7210/_framework/aspnetcore-browser-refresh.js - - - 200 16515 application/javascript;+charset=utf-8 1.8590ms
2026-01-26 18:47:52.802 +01:00 [INF] Request starting HTTP/2 GET https://localhost:7210/swagger/v1/swagger.json - -
2026-01-26 18:47:52.809 +01:00 [INF] Request finished HTTP/2 GET https://localhost:7210/swagger/v1/swagger.json - - - 200 - application/json;charset=utf-8 6.7722ms
2026-01-26 18:48:49.641 +01:00 [INF] Request starting HTTP/2 POST https://localhost:7210/api/Curve application/json 59
2026-01-26 18:48:49.663 +01:00 [INF] ➡️ POST /api/Curve appelé par Anonyme
2026-01-26 18:48:50.038 +01:00 [INF] Executing endpoint 'Dot.Net.WebApi.Controllers.CurveController.Create (P7CreateRestApi)'
2026-01-26 18:48:50.078 +01:00 [INF] Route matched with {action = "Create", controller = "Curve"}. Executing controller action with signature System.Threading.Tasks.Task`1[Microsoft.AspNetCore.Mvc.IActionResult] Create(P7CreateRestApi.Dto.CurvePoint.CreateCurvePointDto) on controller Dot.Net.WebApi.Controllers.CurveController (P7CreateRestApi).
2026-01-26 18:48:50.239 +01:00 [INF] Entity Framework Core 6.0.16 initialized 'LocalDbContext' using provider 'Microsoft.EntityFrameworkCore.SqlServer:6.0.16' with options: None
2026-01-26 18:48:50.459 +01:00 [INF] Executed DbCommand (8ms) [Parameters=[@p0='?' (DbType = DateTime2), @p1='?' (DbType = DateTime2), @p2='?' (Size = 1) (DbType = Byte), @p3='?' (DbType = Double), @p4='?' (DbType = Double)], CommandType='"Text"', CommandTimeout='30']
SET NOCOUNT ON;
INSERT INTO [CurvePoints] ([AsOfDate], [CreationDate], [CurveId], [CurvePointValue], [Term])
VALUES (@p0, @p1, @p2, @p3, @p4);
SELECT [Id]
FROM [CurvePoints]
WHERE @@ROWCOUNT = 1 AND [Id] = scope_identity();
2026-01-26 18:48:50.556 +01:00 [INF] Executing CreatedAtActionResult, writing value of type 'P7CreateRestApi.Dto.Common.IdResponseDto'.
2026-01-26 18:48:50.599 +01:00 [INF] Executed action Dot.Net.WebApi.Controllers.CurveController.Create (P7CreateRestApi) in 511.7608ms
2026-01-26 18:48:50.603 +01:00 [INF] Executed endpoint 'Dot.Net.WebApi.Controllers.CurveController.Create (P7CreateRestApi)'
2026-01-26 18:48:50.608 +01:00 [INF] ⬅️ POST /api/Curve terminé avec statut 201 (948 ms)
2026-01-26 18:48:50.619 +01:00 [INF] Request finished HTTP/2 POST https://localhost:7210/api/Curve application/json 59 - 201 - application/json;+charset=utf-8 977.2526ms
